iid	i_year	i_Action	i_Adventure	i_Animation	i_Children's	i_Comedy	i_Crime	i_Documentary 	i_Drama 	i_Fantasy 	i_Film-Noir 	i_Horror 	i_Musical 	i_Mystery 	i_Romance 	i_Sci-Fi 	i_Thriller 	i_War 	i_Western	i_Other
1	13	1	1	1	2	2	2	1	1	1	1	1	1	1	1	1	1	1	1	1
2	13	1	2	2	1	1	1	1	1	1	1	1	1	1	1	1	1	2	1	1
3	13	1	1	1	1	1	1	1	1	1	1	1	1	1	1	1	1	2	1	1
4	13	1	2	1	1	1	2	1	1	2	1	1	1	1	1	1	1	1	1	1
5	13	1	1	1	1	1	1	2	1	2	1	1	1	1	1	1	1	2	1	1
6	13	1	1	1	1	1	1	1	1	2	1	1	1	1	1	1	1	1	1	1
7	13	1	1	1	1	1	1	1	1	2	1	1	1	1	1	1	2	1	1	1
8	13	1	1	1	1	2	2	1	1	2	1	1	1	1	1	1	1	1	1	1
9	13	1	1	1	1	1	1	1	1	2	1	1	1	1	1	1	1	1	1	1
10	14	1	1	1	1	1	1	1	1	2	1	1	1	1	1	1	1	1	2	1
11	13	1	1	1	1	1	1	2	1	1	1	1	1	1	1	1	1	2	1	1
12	13	1	1	1	1	1	1	2	1	1	1	1	1	1	1	1	1	2	1	1
13	13	1	1	1	1	1	2	1	1	1	1	1	1	1	1	1	1	1	1	1
14	12	1	1	1	1	1	1	1	1	2	1	1	1	1	1	2	1	1	1	1
15	14	1	1	1	1	1	1	1	1	2	1	1	1	1	1	1	1	1	1	1
16	13	1	1	1	1	1	2	1	1	1	1	1	1	1	1	2	1	1	1	1
17	14	1	2	1	1	1	2	2	1	1	1	1	2	1	1	1	1	2	1	1
18	13	1	1	1	1	1	1	1	1	2	1	1	1	1	1	1	1	1	1	1
19	13	1	1	1	1	1	1	1	1	2	1	1	1	1	1	1	1	1	1	1
20	13	1	1	1	1	1	1	1	1	2	1	1	1	1	1	2	1	1	1	1
21	14	1	2	2	1	1	2	1	1	1	1	1	1	2	1	1	1	2	1	1
22	14	1	2	1	1	1	1	1	1	2	1	1	1	1	1	1	1	1	2	1
23	14	1	1	1	1	1	1	1	1	2	1	1	1	1	1	1	1	2	1	1
24	14	1	2	2	1	1	1	2	1	1	1	1	1	1	1	1	1	1	1	1
25	14	1	1	1	1	1	2	1	1	1	1	1	1	1	1	1	1	1	1	1
26	13	1	1	1	1	1	2	1	1	1	1	1	1	1	1	1	1	1	1	1
27	13	1	2	1	1	1	1	1	1	1	1	1	1	1	1	1	1	1	1	1
28	13	1	2	1	1	1	1	1	1	2	1	1	1	1	1	1	1	2	1	1
29	13	1	2	2	1	1	2	2	1	1	1	1	1	1	1	1	1	1	1	1
30	4	1	1	1	1	1	1	1	1	2	1	1	1	1	1	1	1	1	1	1
31	13	1	1	1	1	1	1	1	1	2	1	1	1	1	1	1	1	2	2	1
32	12	1	1	1	1	1	1	1	2	1	1	1	1	1	1	1	1	1	1	1
33	13	1	2	1	1	1	1	1	1	1	1	1	1	1	1	2	1	2	1	1
34	13	1	1	1	1	1	2	1	1	2	1	1	1	1	1	1	1	1	1	1
35	13	1	1	2	1	2	1	1	1	2	1	1	1	1	1	1	1	1	1	1
36	13	1	1	1	1	1	1	1	1	2	1	1	1	1	1	2	1	1	1	1
37	12	1	1	1	1	1	1	1	1	2	1	1	1	1	1	1	1	1	1	1
38	13	1	1	1	1	1	1	1	1	1	1	1	1	1	1	1	2	2	1	1
39	13	1	2	1	1	1	1	2	1	1	1	1	1	1	1	1	2	1	1	1
40	13	1	1	1	1	1	2	1	1	1	1	1	1	1	1	1	1	1	1	1
41	13	1	1	1	1	1	2	1	1	1	1	1	1	1	1	1	1	1	1	1
42	12	1	1	1	1	1	2	1	1	1	1	1	1	1	1	1	1	1	1	1
43	12	1	1	1	1	1	1	1	1	2	1	1	1	1	1	1	1	2	1	1
44	12	1	1	1	1	1	1	1	1	2	1	1	1	1	1	1	1	2	1	1
45	12	1	1	1	1	1	2	1	1	2	1	1	1	1	1	1	1	1	1	1
46	12	1	1	1	1	1	1	1	1	2	1	1	1	1	1	1	1	1	1	1
47	12	1	1	1	1	1	2	1	1	2	1	1	1	1	1	1	1	1	1	1
48	12	1	1	1	1	1	1	1	2	1	1	1	1	1	1	1	1	1	1	1
49	12	1	1	1	1	1	2	1	1	1	1	1	1	1	1	2	1	1	1	1
50	5	1	2	2	1	1	1	1	1	1	1	1	1	1	1	2	2	1	2	1
51	12	1	1	1	1	1	1	1	1	2	1	1	1	1	1	2	1	1	2	2
52	12	1	1	1	1	1	1	1	1	2	1	1	1	1	1	1	1	1	1	1
53	12	1	2	1	1	1	1	1	1	1	1	1	1	1	1	1	1	2	1	1
54	13	1	2	1	1	1	1	1	1	2	1	1	1	1	1	1	1	2	1	1
55	12	1	1	1	1	1	1	2	1	2	1	1	1	1	1	2	1	2	1	1
56	12	1	1	1	1	1	1	2	1	2	1	1	1	1	1	1	1	1	1	1
57	12	1	1	1	1	1	1	1	1	2	1	1	1	1	1	1	1	1	1	1
58	12	1	1	1	1	1	1	1	1	2	1	1	1	1	1	1	1	1	1	1
59	12	1	1	1	1	1	1	1	1	2	1	1	1	1	1	1	1	1	1	1
60	11	1	1	1	1	1	1	1	1	2	1	1	1	1	1	1	1	1	1	1
61	12	1	1	1	1	1	1	1	1	2	1	1	1	1	1	1	1	1	1	1
62	12	1	2	2	1	1	1	1	1	1	1	1	1	1	1	1	2	1	1	1
63	12	1	1	1	1	2	2	1	1	1	1	1	1	1	1	1	1	1	1	1
64	12	1	1	1	1	1	1	1	1	2	1	1	1	1	1	1	1	1	1	1
65	11	1	1	1	1	1	2	1	1	2	1	1	1	1	1	1	1	1	1	1
66	13	1	1	1	1	1	2	1	1	1	1	1	1	1	1	2	1	1	1	1
67	12	1	1	1	1	1	2	1	1	1	1	1	1	1	1	1	1	1	1	1
68	12	1	2	1	1	1	1	1	1	1	1	1	1	1	1	2	1	2	1	1
69	12	1	1	1	1	1	2	1	1	1	1	1	1	1	1	2	1	1	2	1
70	12	1	1	1	1	1	2	1	1	1	1	1	1	1	1	2	1	1	1	1
71	12	1	1	1	2	2	1	1	1	1	1	1	1	2	1	1	1	1	1	1
72	12	1	1	1	1	1	2	2	1	1	2	1	1	1	1	1	1	1	1	1
73	12	1	2	1	1	1	2	1	1	1	1	1	1	1	1	1	1	1	1	2
74	4	1	2	1	1	1	2	1	1	2	1	1	1	1	1	1	1	1	1	1
75	12	1	1	1	1	1	1	1	2	1	1	1	1	1	1	1	1	1	1	1
76	11	1	1	1	1	1	1	2	1	2	1	1	1	1	1	1	1	1	1	1
77	11	1	1	1	1	1	1	1	1	2	1	1	1	1	1	1	1	2	1	1
78	11	1	1	2	1	2	1	1	1	2	1	1	1	1	1	1	1	1	1	1
79	11	1	2	1	1	1	1	1	1	1	1	1	1	1	1	1	1	2	1	1
80	11	1	2	1	1	1	2	1	1	1	1	1	1	1	1	1	1	1	2	1
81	12	1	1	1	1	1	2	1	1	1	1	1	1	1	1	2	1	1	1	1
82	11	1	2	2	1	1	1	1	1	1	1	1	1	1	1	1	2	1	1	1
83	11	1	1	1	1	1	2	1	1	1	1	1	1	1	1	2	1	1	1	1
84	12	1	1	1	1	1	1	1	1	1	1	1	2	1	1	1	2	1	1	1
85	12	1	1	1	1	1	2	1	1	1	1	1	1	1	1	1	1	1	1	1
86	11	1	1	1	1	1	1	1	1	2	1	1	1	1	1	1	1	1	1	1
87	11	1	1	1	1	1	1	1	1	2	1	1	1	1	1	1	1	1	1	1
88	11	1	1	1	1	1	2	1	1	1	1	1	1	1	1	2	1	1	1	1
89	6	1	1	1	1	1	1	1	1	1	1	2	1	1	1	1	2	1	1	1
90	11	1	1	1	1	1	2	1	1	1	1	1	1	1	1	2	1	2	1	1
91	11	1	1	1	1	2	2	1	1	1	1	1	1	2	1	1	1	1	1	1
92	11	1	2	1	1	1	1	2	1	1	1	1	1	1	1	2	1	1	1	1
93	14	1	1	1	1	1	2	1	1	2	1	1	1	1	1	1	1	1	1	1
94	8	1	1	1	1	2	2	1	1	1	1	1	1	1	1	1	1	1	1	1
95	10	1	1	1	2	2	2	1	1	1	1	1	1	2	1	1	1	1	1	1
96	9	1	2	1	1	1	1	1	1	1	1	1	1	1	1	1	2	2	1	1
97	8	1	1	2	1	1	1	1	1	2	1	1	1	1	1	1	1	1	1	2
98	9	1	1	1	1	1	1	1	1	2	1	1	1	1	1	1	1	2	1	1
99	1	1	1	1	2	2	1	1	1	1	1	1	1	2	1	1	1	1	1	1
100	15	1	1	1	1	1	1	2	1	2	1	1	1	1	1	1	1	2	1	1
101	6	1	2	2	2	1	1	1	1	1	1	1	2	1	1	1	2	1	1	1
102	5	1	1	1	2	2	1	1	1	1	1	1	1	1	1	1	1	1	1	1
103	14	1	1	1	2	2	1	1	1	1	1	1	1	2	1	1	1	1	1	1
104	14	1	1	1	1	1	2	1	1	1	1	1	1	1	1	1	1	1	1	1
105	14	1	1	1	1	1	2	1	1	1	1	1	1	1	1	1	1	1	1	1
106	14	1	1	1	1	1	1	1	1	2	1	1	1	1	1	1	1	2	1	1
107	14	1	1	1	1	1	1	1	1	2	1	1	1	1	1	1	1	1	1	1
108	14	1	1	1	1	1	2	1	1	1	1	1	1	1	1	1	1	1	1	1
109	14	1	1	1	1	1	2	1	1	1	1	1	1	1	1	1	2	1	1	1
110	13	1	2	2	1	1	2	1	1	1	1	1	1	1	1	1	1	1	2	1
111	14	1	1	1	1	1	2	1	1	1	1	1	1	1	1	2	1	1	1	1
112	14	1	1	2	1	2	1	1	1	1	1	1	1	1	1	1	1	1	1	1
113	14	1	1	1	1	1	1	1	1	2	1	1	1	1	1	1	1	1	1	1
114	14	1	1	1	2	1	1	1	1	1	1	1	1	1	1	1	1	1	1	1
115	14	1	1	1	1	1	1	1	2	1	1	1	1	1	1	1	1	1	1	1
116	14	1	1	1	1	1	2	1	1	1	1	1	1	1	1	1	1	1	1	1
117	14	1	2	2	1	1	1	1	1	1	1	1	1	1	1	1	1	2	1	1
118	14	1	2	2	1	1	1	1	1	1	1	1	1	1	1	1	1	2	1	1
119	12	1	1	1	1	1	1	1	2	1	1	1	1	1	1	1	1	1	1	1
120	14	1	1	1	1	1	2	2	1	1	1	1	1	1	1	1	1	1	1	1
121	14	1	2	1	1	1	1	1	1	1	1	1	1	1	1	1	2	1	2	1
122	14	1	1	1	1	1	2	1	1	1	1	1	1	1	1	1	1	1	1	1
123	14	1	1	1	1	1	2	1	1	1	1	1	2	1	1	1	1	1	1	1
124	14	1	1	1	1	1	1	1	1	2	1	1	1	1	2	1	1	1	1	1
125	14	1	1	1	1	1	1	1	1	2	1	1	1	1	1	2	1	1	1	1
126	14	1	1	1	1	1	1	1	1	2	1	1	1	1	1	1	1	1	1	1
127	5	1	2	1	1	1	1	2	1	2	1	1	1	1	1	1	1	1	1	1
128	14	1	2	1	1	1	1	1	1	1	1	1	1	1	1	1	1	2	1	1
129	14	1	1	1	1	1	1	2	1	2	1	1	1	1	1	2	1	2	1	1
130	14	1	1	1	1	1	1	2	1	1	1	1	1	1	1	1	1	1	1	1
131	4	1	1	1	1	1	1	1	1	2	1	1	1	1	1	2	1	1	1	1
132	1	1	1	2	1	2	1	1	1	2	1	1	1	2	1	1	1	1	1	1
133	1	1	1	1	1	1	1	1	1	2	1	1	1	1	1	2	1	1	2	1
134	2	1	1	1	1	1	1	1	1	2	1	1	1	1	1	1	1	1	1	1
135	4	1	1	1	1	1	1	1	1	2	1	1	1	1	2	1	2	2	1	1
136	1	1	1	1	1	1	1	1	1	2	1	1	1	1	1	1	1	1	1	1
137	14	1	1	1	1	1	1	1	1	2	1	1	1	1	1	1	1	1	1	1
138	14	1	1	1	1	2	2	1	1	1	1	1	1	1	1	1	1	1	1	1
139	4	1	1	1	1	2	2	1	1	1	1	1	1	1	1	1	1	1	1	1
140	11	1	1	2	1	2	1	1	1	1	1	1	1	1	1	1	1	1	1	1
141	3	1	1	2	1	2	1	1	1	1	2	1	1	1	1	1	2	1	1	1
142	5	1	1	2	1	2	1	1	1	1	1	1	1	2	1	1	1	1	1	1
143	4	1	1	1	1	1	1	1	1	1	1	1	1	2	1	1	1	1	1	1
144	7	1	2	1	1	1	1	1	1	1	1	1	1	1	1	1	1	2	1	1
145	10	1	2	1	1	1	1	1	1	1	1	1	1	1	1	1	2	2	1	1
146	14	1	1	1	1	1	1	1	1	2	1	1	1	1	1	1	1	1	1	1
147	14	1	2	1	1	1	1	1	1	1	1	1	1	1	1	1	1	2	1	1
148	14	1	2	2	1	1	1	1	1	1	1	1	1	1	1	1	1	1	1	1
149	14	1	1	1	1	1	1	1	1	2	1	1	1	1	1	1	1	1	1	1
150	14	1	1	1	1	1	2	1	1	2	1	1	1	1	1	1	1	1	1	1
151	5	1	1	2	1	2	2	1	1	1	1	1	1	1	1	1	1	1	1	1
152	5	1	1	1	1	1	2	1	1	1	1	1	1	1	1	1	2	1	1	1
153	7	1	1	1	1	1	2	1	1	1	1	1	1	1	1	1	1	1	1	1
154	5	1	1	1	1	1	2	1	1	1	1	1	1	1	1	1	1	1	1	1
155	7	1	1	1	1	1	1	1	1	1	1	1	1	2	1	2	1	1	1	1
156	10	1	1	1	1	1	1	2	1	1	1	1	1	1	1	1	1	2	1	1
157	7	1	1	1	1	1	1	1	1	2	1	1	1	1	1	1	1	1	2	1
158	7	1	1	1	1	1	2	1	1	1	1	1	1	1	1	1	1	1	1	1
159	10	1	1	1	1	1	1	1	1	1	1	1	1	1	2	1	1	2	1	1
160	10	1	1	1	1	1	1	1	1	2	1	1	1	1	1	1	1	1	1	1
161	7	1	2	1	1	1	1	1	1	1	1	1	1	1	1	2	1	1	1	1
162	6	1	1	1	1	1	1	1	1	2	1	1	1	1	1	1	1	1	1	1
163	5	1	1	1	1	1	2	1	1	1	1	1	1	1	1	1	1	1	1	1
164	7	1	2	2	1	1	1	1	1	1	1	1	1	1	1	1	2	2	1	1
165	7	1	1	1	1	1	1	1	1	2	1	1	1	1	1	1	1	1	1	1
166	7	1	1	1	1	1	1	1	1	2	1	1	1	1	1	1	1	1	1	1
167	6	1	1	1	1	1	2	1	1	1	1	1	1	1	1	1	1	1	1	1
168	5	1	1	1	1	1	2	1	1	1	1	1	1	1	1	1	1	1	1	1
169	11	1	1	1	2	1	2	1	1	1	1	1	1	1	1	1	1	1	1	1
170	7	1	1	1	1	1	2	1	1	2	1	1	1	1	1	2	1	1	1	1
171	9	1	1	1	1	1	2	1	1	1	1	1	1	1	1	1	2	1	1	1
172	6	1	2	2	1	1	1	1	1	2	1	1	1	1	1	2	2	1	2	1
173	7	1	2	2	1	1	2	1	1	1	1	1	1	1	1	2	1	1	1	1
174	6	1	2	2	1	1	1	1	1	1	1	1	1	1	1	1	1	1	1	1
175	7	1	1	1	1	1	1	1	1	1	1	1	1	1	1	1	2	1	1	1
176	7	1	2	1	1	1	1	1	1	1	1	1	1	1	1	1	2	2	2	1
177	4	1	2	1	1	1	1	1	1	1	1	1	1	1	1	1	1	1	1	2
178	3	1	1	1	1	1	1	1	1	2	1	1	1	1	1	1	1	1	1	1
179	5	1	1	1	1	1	1	1	1	1	1	1	1	1	1	1	2	1	1	1
180	5	1	1	1	1	1	1	1	1	2	1	1	1	1	1	1	1	1	2	1
181	15	1	2	2	1	1	1	1	1	1	1	1	1	1	1	2	2	1	2	1
182	8	1	1	1	1	1	1	2	1	2	1	1	1	1	1	1	1	1	1	1
183	5	1	2	1	1	1	1	1	1	1	1	1	2	1	1	1	2	2	1	1
184	11	1	2	2	1	1	2	1	1	1	1	1	2	1	1	1	2	1	1	1
185	4	1	1	1	1	1	1	1	1	1	1	1	2	1	1	2	1	2	1	1
186	6	1	2	1	1	1	2	1	1	1	1	1	1	2	1	1	1	1	1	1
187	5	1	2	1	1	1	1	2	1	2	1	1	1	1	1	1	1	1	1	1
188	7	1	2	1	1	1	1	1	1	2	1	1	1	1	1	1	1	1	2	1
189	10	1	1	1	2	1	2	1	1	1	1	1	1	1	1	1	1	1	1	1
190	7	1	1	1	1	1	1	1	1	2	1	1	1	1	1	1	1	1	2	1
191	6	1	1	1	1	1	1	1	1	2	1	1	1	1	2	1	1	1	1	1
192	6	1	1	1	1	1	1	1	1	2	1	1	1	1	1	1	1	1	1	1
193	6	1	1	1	1	1	1	1	1	2	1	1	1	1	1	1	1	1	1	1
194	5	1	1	1	1	1	2	2	1	1	1	1	1	1	1	1	1	1	1	1
195	6	1	2	1	1	1	1	1	1	1	1	1	1	1	1	1	2	2	1	1
196	7	1	1	1	1	1	1	1	1	2	1	1	1	1	1	1	1	1	1	1
197	4	1	1	1	1	1	1	1	1	2	1	1	1	1	1	2	1	1	1	1
198	8	1	1	1	1	1	1	1	1	1	1	1	1	1	1	1	1	2	1	1
199	3	1	1	1	1	1	1	1	1	2	1	1	1	1	1	1	1	1	2	1
200	6	1	1	1	1	1	1	1	1	1	1	1	2	1	1	1	1	1	1	1
201	7	1	2	2	1	1	2	1	1	1	1	1	2	1	1	1	1	1	1	1
202	11	1	1	1	1	1	2	1	1	1	1	1	1	1	1	2	1	1	1	1
203	10	1	1	1	1	1	1	1	1	1	1	1	1	1	1	1	1	1	1	2
204	7	1	1	1	1	1	2	1	1	1	1	1	1	1	1	1	2	1	1	1
205	5	1	1	1	1	1	1	1	1	2	1	1	1	1	1	1	1	1	2	1
206	7	1	1	2	2	1	1	1	1	1	1	1	1	1	1	1	2	2	1	1
207	8	1	2	1	1	1	1	1	1	2	1	1	1	1	1	2	1	1	1	1
208	5	1	1	1	1	1	2	1	1	1	1	1	2	1	1	1	1	1	1	1
209	6	1	1	1	1	1	2	1	1	2	1	1	1	2	1	1	1	1	1	1
210	7	1	2	2	1	1	1	1	1	1	1	1	1	1	1	1	1	1	1	1
211	5	1	1	1	1	1	2	1	1	1	1	1	1	1	1	1	1	1	2	1
212	7	1	1	1	1	1	1	1	1	2	1	1	1	1	1	1	1	1	1	1
213	7	1	1	1	1	1	1	1	1	2	1	1	1	1	1	2	1	1	1	1
214	6	1	1	1	1	1	1	1	1	2	1	1	1	2	1	1	1	1	2	1
215	7	1	1	1	1	1	1	1	1	2	1	1	1	1	1	1	1	1	1	1
216	7	1	1	1	1	1	2	1	1	1	1	1	1	1	1	2	1	1	1	1
217	10	1	1	1	1	1	1	1	1	1	1	1	2	1	1	2	1	1	1	1
218	9	1	1	1	1	1	1	1	1	1	1	1	1	1	1	1	1	2	1	1
219	6	1	1	1	1	1	1	1	1	1	1	1	2	1	1	1	1	1	1	1
220	14	1	1	1	1	1	2	1	1	1	1	1	1	1	1	2	1	1	1	1
221	14	1	1	1	1	1	1	1	1	2	1	1	1	1	1	1	1	1	1	1
222	14	1	2	2	1	1	1	1	1	1	1	1	1	1	1	1	2	1	1	1
223	14	1	1	1	1	1	1	1	1	2	1	1	1	1	1	1	1	2	1	1
224	14	1	1	1	1	1	1	1	1	2	1	1	1	1	1	1	1	1	1	1
225	14	1	1	1	1	2	2	1	1	1	1	1	1	1	1	1	1	1	1	1
226	8	1	2	1	1	1	1	1	1	1	1	1	1	1	1	1	1	2	1	1
227	9	1	2	2	1	1	1	1	1	1	1	1	1	1	1	1	2	1	1	1
228	6	1	2	2	1	1	1	1	1	1	1	1	1	1	1	1	2	1	1	1
229	6	1	2	2	1	1	1	1	1	1	1	1	1	1	1	1	2	1	1	1
230	7	1	2	2	1	1	1	1	1	1	1	1	1	1	1	1	2	1	1	1
231	10	1	2	2	1	1	2	2	1	1	1	1	1	1	1	1	1	1	1	1
232	7	1	2	1	1	1	2	1	1	1	1	1	1	1	1	1	1	1	1	2
233	10	1	2	1	1	1	1	1	1	1	1	1	1	1	1	1	1	1	1	1
234	5	1	2	1	1	1	1	1	1	1	1	1	2	1	1	1	1	1	1	1
235	14	1	2	1	1	1	2	1	1	1	1	1	1	1	1	1	2	1	2	1
236	14	1	1	1	1	1	2	1	1	2	1	1	1	1	1	1	1	1	1	1
237	14	1	1	1	1	1	1	1	1	2	1	1	1	1	1	2	1	1	1	1
238	7	1	1	1	1	1	2	1	1	1	1	1	1	1	1	1	1	1	1	1
239	10	1	1	1	1	1	1	2	1	2	1	1	1	1	1	1	2	1	1	1
240	14	1	1	1	2	1	2	1	1	1	1	1	1	1	1	1	1	1	1	1
241	10	1	2	1	1	1	1	1	1	1	1	1	1	1	1	2	1	1	2	1
242	15	1	1	1	1	1	2	1	1	1	1	1	1	1	1	1	1	1	1	1
243	15	1	1	1	1	2	2	1	1	1	1	1	1	1	1	1	1	1	1	1
244	15	1	2	1	1	1	1	1	1	2	1	1	1	1	1	1	1	2	1	1
245	15	1	2	1	1	1	1	1	1	2	1	1	1	1	1	1	1	2	2	1
246	15	1	1	1	1	1	1	1	1	2	1	1	1	1	1	2	1	1	1	1
247	15	1	2	2	1	2	1	1	1	1	1	1	1	1	1	1	1	1	1	1
248	15	1	1	1	1	1	2	2	1	1	1	1	1	1	1	1	1	1	1	1
249	15	1	1	1	1	1	2	1	1	1	1	1	1	1	1	1	1	1	1	1
250	15	1	2	1	1	1	1	1	1	1	1	1	1	1	1	1	2	1	1	1
251	15	1	1	1	1	1	2	1	1	1	1	1	1	1	1	1	1	1	1	1
252	15	1	2	2	1	1	1	1	1	1	1	1	1	1	1	1	2	2	1	1
253	15	1	1	1	1	1	1	1	1	2	1	1	1	1	1	2	1	1	1	1
254	15	1	2	2	1	1	1	2	1	1	1	1	1	1	1	1	1	1	1	1
255	15	1	1	1	1	1	2	1	1	1	1	1	1	1	1	2	1	1	1	1
256	15	1	1	1	1	1	2	1	1	1	1	1	1	1	1	2	1	1	1	1
257	15	1	2	2	1	1	2	1	1	1	1	1	1	1	1	1	2	1	1	1
258	15	1	1	1	1	1	1	1	1	2	1	1	1	1	1	1	2	1	1	1
259	15	1	1	1	1	2	2	1	1	1	1	1	1	1	1	1	1	1	1	1
260	15	1	2	1	1	1	1	1	1	1	1	1	1	1	2	1	2	2	1	1
261	15	1	1	1	1	2	2	1	1	1	1	1	1	1	1	1	1	1	1	1
262	15	1	1	1	1	1	1	1	1	2	1	1	1	1	1	1	1	1	1	1
263	15	1	2	1	1	1	1	1	1	1	1	1	1	1	1	1	1	1	1	1
264	15	1	1	1	1	1	1	1	1	1	1	1	1	1	1	1	2	2	1	1
265	8	1	2	1	1	1	1	1	1	1	1	1	1	1	1	1	1	2	1	1
266	15	1	2	2	1	1	1	1	1	1	1	1	1	1	1	1	1	1	1	1
267	0	2	1	1	1	1	1	1	1	1	1	1	1	1	1	1	1	1	1	1
268	15	1	1	1	1	1	1	1	1	2	1	1	1	1	1	2	1	1	1	1
269	15	1	1	1	1	1	2	1	1	1	1	1	1	1	1	1	1	1	1	1
270	15	1	1	1	1	1	1	1	1	2	1	1	1	1	1	1	2	2	1	1
271	15	1	2	2	1	1	1	1	1	1	1	1	1	1	1	1	2	1	2	1
272	15	1	1	1	1	1	1	1	1	2	1	1	1	1	1	1	1	1	1	1
273	13	1	2	1	1	1	1	2	1	1	1	1	1	1	1	1	1	2	1	1
274	13	1	1	1	1	1	2	1	1	1	1	1	1	1	1	2	1	1	1	1
275	13	1	1	1	1	1	1	1	1	2	1	1	1	1	1	2	1	1	1	1
276	13	1	1	1	1	1	1	1	1	2	1	1	1	1	1	2	1	1	1	1
277	13	1	1	1	1	1	1	1	1	2	1	1	1	1	1	1	1	1	1	1
278	14	1	1	1	1	1	1	1	1	2	1	1	1	1	1	2	1	1	1	1
279	13	1	1	1	1	1	1	1	1	2	1	1	1	1	1	1	1	1	1	1
280	14	1	1	1	1	1	1	1	1	2	1	1	1	1	1	2	1	1	1	1
281	12	1	2	1	1	1	1	1	1	1	1	1	1	1	1	1	1	2	1	1
282	14	1	1	1	1	1	1	1	1	2	1	1	1	1	1	1	1	1	1	1
283	14	1	1	1	1	1	1	1	1	2	1	1	1	1	1	2	1	1	1	1
284	14	1	1	1	1	1	2	1	1	1	1	1	1	1	1	2	1	1	1	1
285	14	1	1	1	1	1	1	1	1	2	1	1	1	1	1	1	1	1	1	1
286	14	1	1	1	1	1	1	1	1	2	1	1	1	1	1	2	1	1	2	1
287	14	1	1	1	1	1	1	1	1	2	1	1	1	1	1	1	1	1	1	1
288	14	1	1	1	1	1	1	1	1	1	1	1	2	1	1	1	1	2	1	1
289	14	1	1	1	1	1	1	1	1	2	1	1	1	2	1	1	1	1	1	1
290	15	1	1	1	1	1	2	1	1	1	1	1	1	1	1	1	1	1	1	1
291	15	1	1	1	1	1	1	1	1	1	1	1	1	1	2	1	1	2	1	1
292	15	1	1	1	1	1	1	1	1	2	1	1	1	1	1	1	1	1	1	1
293	15	1	1	1	1	1	1	2	1	2	1	1	1	1	1	1	1	1	1	1
294	15	1	1	1	1	1	2	1	1	1	1	1	1	1	1	1	1	1	1	1
295	15	1	2	1	1	1	1	1	1	1	1	1	1	1	1	1	1	2	1	1
296	15	1	1	1	1	1	1	1	1	2	1	1	1	1	1	1	1	1	1	1
297	15	1	1	1	1	1	1	1	1	2	1	1	1	1	1	1	1	1	1	1
298	15	1	2	1	1	1	1	1	1	1	1	1	1	1	1	1	2	2	1	1
299	15	1	1	1	1	1	1	2	1	2	1	2	1	1	1	1	1	1	1	1
300	15	1	2	1	1	1	1	1	1	1	1	1	1	1	1	1	1	2	1	1
301	15	1	1	1	1	1	2	1	1	1	1	1	1	1	1	1	1	1	1	1
302	15	1	1	1	1	1	1	2	1	1	1	2	1	1	2	1	1	2	1	1
303	15	1	1	1	1	1	1	1	1	2	1	1	1	1	1	1	1	1	1	1
304	14	1	1	2	1	2	1	1	1	1	1	1	1	1	1	1	1	1	1	1
305	15	1	1	1	1	1	1	1	1	2	1	1	1	1	1	1	1	1	1	1
306	15	1	1	1	1	1	1	1	1	2	1	1	1	1	1	2	1	1	1	1
307	15	1	1	1	1	1	1	2	1	1	1	1	2	1	2	1	1	2	1	1
308	15	1	1	1	1	2	1	1	1	2	2	1	1	1	1	1	1	1	1	1
309	15	1	1	1	1	1	1	2	1	1	1	1	1	1	1	1	1	1	1	1
310	15	1	1	1	1	1	1	1	1	2	1	1	1	1	1	1	1	1	1	1
311	15	1	1	1	1	1	1	1	1	2	1	1	1	1	1	2	1	2	1	1
312	15	1	1	1	1	1	2	2	1	2	1	1	1	1	2	1	1	1	1	1
313	15	1	2	1	1	1	1	1	1	2	1	1	1	1	1	2	1	1	1	1
314	15	1	2	1	1	2	1	1	1	1	1	1	1	1	1	1	1	1	1	1
315	16	1	1	1	1	1	1	1	1	2	1	1	1	1	1	1	1	2	1	1
316	15	1	1	1	1	1	2	1	1	2	1	1	1	1	1	1	1	1	1	1
317	11	1	1	1	1	1	1	1	1	2	1	1	1	1	1	1	1	1	1	1
318	11	1	1	1	1	1	1	1	1	2	1	1	1	1	1	1	1	1	2	1
319	14	1	1	1	1	1	2	1	1	1	1	1	1	2	1	2	1	1	1	1
320	14	1	1	1	1	1	1	1	2	1	1	1	1	1	1	1	1	1	1	1
321	14	1	1	1	1	1	2	1	1	1	1	1	1	1	1	1	1	1	1	1
322	15	1	1	1	1	1	1	1	1	1	1	1	1	1	2	1	1	2	1	1
323	15	1	2	1	1	1	1	1	1	1	1	1	1	1	1	1	1	2	1	1
324	15	1	1	1	1	1	1	1	1	1	1	1	1	1	2	1	1	1	1	1
325	15	1	1	1	1	1	1	1	1	2	1	1	1	1	1	1	1	2	1	1
326	15	1	2	1	1	1	1	1	1	2	1	1	1	1	1	1	1	1	2	1
327	15	1	1	1	1	1	1	2	1	2	1	1	1	1	2	1	1	1	1	1
328	15	1	2	1	1	1	1	1	1	1	1	1	1	1	2	2	1	2	1	1
329	16	1	1	1	1	1	1	2	1	2	1	1	1	1	1	1	1	2	1	1
330	15	1	1	1	1	1	1	1	1	2	1	1	1	1	1	1	1	1	1	1
331	15	1	1	2	1	1	1	1	1	1	1	1	1	1	1	1	1	2	1	1
332	15	1	1	1	1	1	1	2	1	2	1	1	1	1	1	1	1	2	1	1
333	15	1	1	1	1	1	1	1	1	1	1	1	1	1	2	1	1	2	1	1
334	15	1	2	1	1	1	1	2	1	1	1	1	1	1	2	1	1	1	1	1
335	15	1	1	1	1	1	2	1	1	1	1	1	1	1	1	1	1	1	1	1
336	15	1	1	1	1	1	1	2	1	1	1	1	1	1	1	1	1	2	1	1
337	15	1	1	1	1	1	2	1	1	2	1	1	1	1	1	1	1	2	1	1
338	15	1	1	1	1	1	2	1	1	1	1	1	1	1	1	1	1	1	1	1
339	15	1	2	1	1	1	1	1	1	2	1	1	1	1	1	1	1	1	1	1
340	15	1	1	1	1	1	1	1	1	2	1	1	1	1	1	1	1	1	1	1
341	15	1	1	1	1	1	2	1	1	1	1	1	1	1	1	1	1	1	1	1
342	15	1	1	1	1	1	2	1	1	1	1	1	1	1	2	1	1	1	1	1
343	15	1	2	1	1	1	1	1	1	1	1	1	2	1	1	1	2	1	1	1
344	15	1	1	1	1	1	1	1	1	2	1	1	1	1	1	1	1	1	1	1
345	15	1	1	1	1	1	2	1	1	2	1	1	1	1	1	1	1	1	1	1
346	15	1	1	1	1	1	1	2	1	2	1	1	1	1	1	1	1	1	1	1
347	16	1	1	1	1	1	2	1	1	2	1	1	1	1	1	1	1	1	1	1
348	16	1	1	1	1	1	1	2	1	2	1	1	1	1	1	1	1	2	1	1
349	16	1	2	1	1	1	1	1	1	1	1	1	1	1	1	1	1	2	1	1
350	16	1	2	1	1	1	1	1	1	1	1	1	1	1	2	1	1	2	1	1
351	16	1	1	1	1	1	1	1	1	1	1	1	2	1	1	1	1	1	1	1
352	15	1	1	1	1	1	2	1	1	1	1	1	1	2	1	1	1	1	1	1
353	16	1	2	1	1	1	1	1	1	1	1	1	2	1	1	1	2	1	1	1
354	16	1	1	1	1	1	2	1	1	1	1	1	1	1	1	2	1	1	1	1
355	16	1	1	2	1	1	1	1	1	1	1	1	1	1	1	1	2	2	1	1
356	12	1	1	1	1	1	1	1	1	2	1	1	1	1	2	1	1	2	1	1
357	5	1	1	1	1	1	1	1	1	2	1	1	1	1	1	1	1	1	1	1
358	15	1	2	2	1	1	1	1	1	1	1	1	1	1	1	1	2	2	1	1
359	15	1	1	1	1	1	1	1	1	1	1	1	1	1	1	1	1	2	1	1
360	15	1	1	1	1	1	1	1	2	1	1	1	1	1	1	1	1	1	1	1
361	15	1	1	1	1	1	1	2	1	1	1	1	1	1	1	1	1	2	1	1
362	16	1	2	1	1	1	2	1	1	1	1	1	1	2	1	1	1	1	1	1
363	13	1	2	1	1	1	1	1	1	1	1	1	1	1	1	1	1	1	1	1
364	13	1	1	1	1	1	2	1	1	1	1	1	1	1	1	1	1	1	1	1
365	13	1	1	1	1	1	1	1	1	2	1	1	1	1	1	1	1	1	1	1
366	13	1	1	1	1	1	1	1	1	2	1	1	1	1	1	1	1	1	1	1
367	13	1	1	1	1	1	2	1	1	1	1	1	1	1	1	1	1	1	1	1
368	14	1	1	1	1	1	2	1	1	1	1	1	1	1	1	1	1	1	1	1
369	14	1	1	1	1	1	2	1	1	1	1	1	1	1	1	1	1	1	1	1
370	14	1	1	1	1	1	1	1	1	2	1	1	1	1	1	1	1	2	1	1
371	14	1	1	1	1	1	1	1	1	2	1	1	1	1	1	2	1	1	1	1
372	13	1	1	1	1	1	2	1	1	1	1	1	1	1	1	1	1	1	1	1
373	13	1	2	2	1	1	1	1	1	1	1	1	1	1	1	1	2	1	1	1
374	13	1	2	1	1	2	1	1	1	1	1	1	1	1	1	1	1	1	1	1
375	13	1	1	1	1	1	1	1	1	2	1	1	1	1	1	1	1	1	1	1
376	12	1	1	1	1	1	2	1	1	1	1	1	1	1	1	1	1	1	1	1
377	12	1	1	1	1	2	2	1	1	1	1	1	1	1	1	1	1	1	1	1
378	12	1	1	1	1	1	1	1	1	2	1	1	1	1	1	1	1	1	1	1
379	13	1	1	1	1	1	1	1	1	1	1	1	2	1	1	1	1	1	1	1
380	12	1	2	2	1	1	1	1	1	1	1	1	1	1	1	1	2	1	1	1
381	12	1	1	1	1	1	2	1	1	1	1	1	1	1	1	2	1	1	1	1
382	12	1	1	1	1	1	2	1	1	2	1	1	1	1	1	1	1	1	1	1
383	12	1	1	1	1	2	2	1	1	1	1	1	1	1	1	1	1	1	1	1
384	12	1	1	1	1	1	2	1	1	1	1	1	1	1	1	1	1	1	1	1
385	12	1	2	2	1	1	2	1	1	1	1	1	1	1	1	2	1	1	1	1
386	11	1	1	1	1	1	2	1	1	1	1	1	1	1	1	1	1	1	1	1
387	11	1	1	1	1	1	1	1	1	2	1	1	1	1	1	1	1	1	1	1
388	12	1	2	1	1	1	2	1	1	1	1	1	1	1	1	1	1	1	1	1
389	12	1	1	2	1	2	1	1	1	1	1	1	1	1	1	1	1	1	1	1
390	11	1	1	1	1	1	2	1	1	1	1	1	1	1	1	1	1	1	1	1
391	11	1	2	1	1	1	2	1	1	1	1	1	1	1	1	1	1	1	1	1
392	11	1	1	1	1	1	1	1	1	2	1	1	1	1	1	1	1	1	1	1
393	11	1	1	1	1	1	2	1	1	1	1	1	1	1	1	1	1	1	1	1
394	12	1	1	1	1	1	2	1	1	1	1	1	1	1	2	2	1	1	1	1
395	11	1	1	1	1	1	2	1	1	1	1	1	1	1	1	1	1	1	1	1
396	12	1	1	1	1	1	2	2	1	1	1	1	2	1	1	1	1	1	1	1
397	11	1	2	1	1	1	1	1	1	1	1	1	1	1	1	1	1	1	1	1
398	11	1	2	2	1	2	1	1	1	1	1	1	1	1	1	1	2	1	1	1
399	11	1	2	2	1	1	2	1	1	1	1	1	1	1	1	1	1	1	1	1
400	12	1	1	1	1	2	2	1	1	1	1	1	1	1	1	1	1	1	1	1
401	13	1	1	1	1	1	2	1	1	1	1	1	1	1	1	1	1	1	1	1
402	8	1	1	1	1	1	2	1	1	1	1	1	1	1	1	2	1	2	1	1
403	7	1	2	2	1	1	1	2	1	2	1	1	1	1	1	1	1	1	1	1
404	2	1	1	1	2	2	1	1	1	1	1	1	1	1	1	1	1	1	1	1
405	14	1	2	2	1	1	1	1	1	1	1	1	1	1	2	1	1	1	1	1
406	14	1	1	1	1	1	1	1	1	1	1	1	2	1	1	1	1	2	1	1
407	14	1	1	1	1	1	2	1	1	1	1	1	1	1	1	1	1	1	1	1
408	14	1	1	1	2	1	2	1	1	1	1	1	1	1	1	1	1	2	1	1
409	14	1	1	1	1	1	2	1	1	2	1	1	1	1	1	1	1	1	1	1
410	14	1	1	1	1	1	2	1	1	1	1	1	1	1	1	1	1	1	1	1
411	14	1	1	1	1	1	2	1	1	1	2	1	1	1	1	2	2	1	1	1
412	14	1	1	1	1	1	2	1	1	1	1	1	1	1	1	1	1	1	1	1
413	14	1	1	1	1	1	1	1	1	1	1	1	2	1	1	1	1	1	1	1
414	6	1	1	1	1	1	2	1	1	1	1	1	1	1	1	1	1	1	1	1
415	5	1	1	1	1	2	2	1	1	1	1	1	1	1	1	1	1	1	1	2
416	3	1	1	1	1	2	1	1	1	2	1	1	1	1	1	1	1	1	1	1
417	4	1	1	1	1	2	1	1	1	2	1	1	1	1	1	1	1	1	1	1
418	3	1	1	1	2	2	1	1	1	1	1	1	1	2	1	1	1	1	1	1
419	4	1	1	1	1	2	2	1	1	1	1	1	1	2	1	1	1	1	1	1
420	3	1	1	1	2	2	1	1	1	1	1	1	1	2	1	1	1	1	1	1
421	14	1	1	1	1	1	1	1	1	2	1	1	1	1	1	2	1	1	1	1
422	14	1	1	1	2	2	2	1	1	1	1	1	1	1	1	1	1	1	1	1
423	6	1	1	1	1	2	1	1	1	2	2	1	1	1	1	1	2	1	1	1
424	14	1	1	1	1	1	1	1	1	1	1	1	2	1	1	1	1	1	1	1
425	10	1	1	1	1	1	2	1	1	1	1	1	1	1	1	1	1	1	1	1
426	7	1	2	1	2	2	1	1	1	1	1	1	1	1	1	1	2	2	2	1
427	4	1	1	1	1	1	1	1	1	2	1	1	1	1	1	1	1	1	1	1
428	5	1	1	1	1	1	2	1	1	1	1	1	1	1	1	1	1	1	1	1
429	3	1	1	1	1	1	1	1	1	2	1	1	1	1	1	1	2	1	1	1
430	1	1	1	1	1	1	2	1	1	1	1	1	1	1	1	1	1	1	2	1
431	7	1	2	2	1	1	1	1	1	1	1	1	1	1	1	1	1	1	1	1
432	2	1	1	1	2	2	1	1	1	1	1	1	1	2	1	1	1	1	1	1
433	7	1	1	1	1	1	2	1	1	1	1	1	1	1	1	1	1	1	1	1
434	3	1	1	1	1	1	1	1	1	1	1	1	1	1	1	1	2	1	1	1
435	4	1	2	1	1	1	2	1	1	1	1	1	1	1	1	1	1	1	1	2
436	6	1	1	1	1	1	1	1	1	1	1	1	2	1	1	1	1	1	1	1
437	10	1	1	1	1	1	1	1	1	1	1	1	2	1	1	1	1	1	1	1
438	6	1	1	1	1	1	1	1	1	1	1	1	2	1	1	1	1	1	1	1
439	11	1	1	1	1	1	1	1	1	1	1	1	2	1	1	1	1	1	1	1
440	6	1	1	1	1	1	1	1	1	1	1	1	2	1	1	1	1	1	1	1
441	5	1	1	1	1	1	1	1	1	1	1	1	2	1	1	1	1	1	1	1
442	8	1	1	1	1	1	1	1	1	1	1	1	2	1	1	1	1	1	1	1
443	4	1	1	1	1	1	1	1	1	1	1	1	2	1	1	1	1	1	1	1
444	3	1	1	1	1	1	1	1	1	1	1	1	2	1	1	1	2	1	1	1
445	2	1	1	1	1	1	1	1	1	1	1	1	2	1	1	1	1	1	1	1
446	5	1	1	1	1	1	1	1	1	1	1	1	2	1	1	1	1	1	1	1
447	5	1	1	1	1	1	1	1	1	1	1	1	2	1	1	1	1	1	1	1
448	5	1	1	1	1	1	1	1	1	1	1	1	2	1	1	1	1	1	1	1
449	5	1	2	2	1	1	1	1	1	1	1	1	1	1	1	1	2	1	1	1
450	7	1	2	2	1	1	1	1	1	1	1	1	1	1	1	1	2	1	1	1
451	5	1	1	1	1	1	2	1	1	1	1	1	1	2	1	2	1	1	1	1
452	5	1	2	1	1	1	1	1	1	1	1	1	2	1	1	1	1	1	1	1
453	6	1	2	1	1	1	1	1	1	1	1	1	2	1	1	1	1	1	1	1
454	14	1	1	1	1	1	1	1	1	2	1	1	1	1	1	1	1	1	1	1
455	15	1	2	1	1	1	1	1	1	1	1	1	1	1	1	1	1	1	1	1
456	15	1	2	1	1	1	2	1	1	1	1	1	1	1	1	1	1	1	1	1
457	15	1	1	2	1	2	1	1	1	2	1	1	1	1	1	1	1	1	1	1
458	13	1	1	1	1	1	1	1	1	2	1	1	1	1	1	1	1	1	1	1
459	13	1	1	1	1	1	1	1	1	2	1	1	1	1	1	1	1	1	1	1
460	13	1	1	1	1	1	1	1	1	2	1	1	1	1	1	1	1	1	1	1
461	13	1	1	1	1	1	1	1	1	2	1	1	1	1	1	1	1	1	1	1
462	10	1	1	1	1	1	1	1	1	2	1	1	1	1	1	2	1	1	1	1
463	12	1	1	2	1	1	1	1	1	1	1	1	1	1	1	1	1	1	1	1
464	12	1	1	1	1	1	1	1	1	2	1	1	1	1	1	1	1	1	1	1
465	12	1	1	2	1	2	1	1	1	1	1	1	1	1	1	2	1	1	1	1
466	10	1	1	1	1	1	1	1	1	1	1	1	1	1	1	1	1	2	1	1
467	11	1	1	1	1	1	1	1	1	2	1	1	1	1	1	1	1	1	1	1
468	11	1	1	1	1	1	1	1	1	2	1	1	1	1	1	1	1	1	1	1
469	11	1	1	1	1	1	1	1	1	2	1	1	1	1	1	1	1	1	1	1
470	11	1	1	1	1	1	1	1	1	1	1	1	1	1	1	1	1	1	1	2
471	14	1	1	1	1	1	1	1	1	2	1	1	1	1	1	1	1	1	2	1
472	14	1	2	2	1	1	1	1	1	1	2	1	1	1	1	1	1	1	1	1
473	14	1	1	1	2	2	1	1	1	1	1	1	1	2	1	1	1	1	1	1
474	4	1	1	1	1	1	1	1	1	1	1	1	1	1	1	1	2	1	2	1
475	14	1	1	1	1	1	1	1	1	2	1	1	1	1	1	1	1	1	1	1
476	14	1	1	1	1	1	2	1	1	1	1	1	1	1	1	1	1	1	1	1
477	14	1	1	1	1	2	2	1	1	1	1	1	1	1	1	1	1	1	1	1
478	2	1	1	1	1	1	2	1	1	1	1	1	1	1	1	2	1	1	1	1
479	3	1	1	1	1	1	1	1	1	1	1	1	1	1	2	1	1	2	1	1
480	3	1	1	1	1	1	2	1	1	1	1	1	1	1	1	1	1	2	1	1
481	4	1	1	1	1	1	2	1	1	2	1	1	1	1	1	1	1	1	1	1
482	3	1	1	1	1	1	2	2	1	1	1	1	1	1	1	1	1	1	1	1
483	2	1	1	1	1	1	1	1	1	2	1	1	1	1	1	2	1	1	2	1
484	2	1	1	1	1	1	1	1	1	1	1	2	1	1	2	1	1	1	1	1
485	4	1	1	1	1	1	1	1	1	1	1	1	1	2	1	2	1	1	1	1
486	3	1	1	1	1	1	2	1	1	1	1	1	1	1	1	2	1	1	1	1
487	3	1	1	1	1	1	2	1	1	1	1	1	1	1	1	2	1	1	1	1
488	3	1	1	1	1	1	1	1	1	1	1	2	1	1	1	1	1	1	1	1
489	2	1	1	1	1	1	1	1	1	1	1	2	1	1	1	2	1	2	1	1
490	3	1	1	1	1	1	2	1	1	1	1	1	1	1	1	2	1	2	1	1
491	1	1	2	2	1	1	1	1	1	1	1	1	1	1	1	1	1	1	1	1
492	3	1	1	1	1	1	1	1	1	2	1	1	1	1	1	1	1	1	1	1
493	1	1	1	1	1	1	1	1	1	1	1	1	1	1	2	1	1	1	1	1
494	2	1	1	1	1	1	2	1	1	1	1	1	1	1	1	1	1	1	1	1
495	3	1	1	2	1	1	2	1	1	1	1	1	1	1	1	1	1	1	1	1
496	2	1	1	1	1	1	1	1	1	2	1	1	1	1	1	1	1	1	1	1
497	1	1	1	1	1	1	2	1	1	1	1	1	1	1	1	1	1	1	1	1
498	3	1	2	2	1	1	1	1	1	1	1	1	1	1	1	2	1	1	2	1
499	3	1	1	1	1	1	1	1	1	2	1	1	1	1	1	1	1	1	1	1
500	14	1	1	2	1	2	1	1	1	1	1	1	1	1	1	1	1	1	1	1
501	2	1	1	1	2	2	1	1	1	1	1	1	1	2	1	1	1	1	1	1
502	5	1	1	1	1	1	2	1	1	1	1	1	1	1	1	1	1	1	2	1
503	5	1	1	1	1	1	1	1	1	2	1	1	1	1	1	1	1	1	1	1
504	4	1	1	1	1	1	1	2	1	2	1	1	1	1	1	1	1	1	1	1
505	3	1	1	1	1	1	1	1	1	1	1	1	1	1	2	1	1	2	1	1
506	3	1	1	1	1	1	1	1	1	2	1	1	1	1	1	1	1	1	1	1
507	3	1	1	1	1	1	1	1	1	2	1	1	1	1	1	1	1	1	1	1
508	14	1	1	1	1	1	1	1	1	2	1	1	1	1	1	1	1	1	1	1
509	7	1	1	1	1	1	1	1	1	2	1	1	1	1	1	1	1	1	1	1
510	3	1	2	1	1	1	1	1	1	2	1	1	1	1	1	1	1	1	1	2
511	4	1	1	2	1	1	1	1	1	1	1	1	1	1	1	1	1	1	2	1
512	7	1	1	1	1	1	2	1	1	2	1	1	1	1	1	2	1	1	1	1
513	2	1	1	1	1	1	1	1	1	1	1	1	1	1	2	1	1	2	1	1
514	5	1	1	1	1	1	2	1	1	1	1	1	1	1	1	2	1	1	1	1
515	15	1	2	1	1	1	1	1	1	2	1	1	1	1	1	1	1	1	2	1
516	6	1	1	1	1	1	2	1	1	1	1	1	1	1	1	1	1	1	1	1
517	5	1	1	1	1	1	2	1	1	2	1	1	1	1	1	2	1	1	1	1
518	8	1	1	1	1	1	1	1	1	2	1	1	1	1	1	1	1	1	1	1
519	2	1	1	2	1	1	1	1	1	1	1	1	1	1	1	1	1	1	1	1
520	4	1	1	2	1	1	1	1	1	1	1	1	1	1	1	1	1	1	2	1
521	5	1	1	1	1	1	1	1	1	2	1	1	1	1	1	1	1	1	2	1
522	7	1	1	1	1	1	2	1	1	2	1	1	1	1	1	1	1	1	1	1
523	4	1	1	1	1	1	2	1	1	2	1	1	1	1	1	1	1	1	1	1
524	2	1	1	1	1	1	2	1	1	1	1	1	1	1	1	1	1	1	1	1
525	2	1	1	1	1	1	1	1	1	1	1	2	1	1	2	1	1	1	1	1
526	3	1	2	2	1	1	1	1	1	2	1	1	1	1	1	1	1	1	1	1
527	6	1	1	1	1	1	1	1	1	2	1	1	1	1	1	1	1	1	1	1
528	6	1	1	1	1	1	1	1	1	2	1	1	1	1	1	1	1	1	2	1
529	7	1	1	1	1	1	1	1	1	2	1	1	1	1	1	1	1	1	1	1
530	5	1	1	2	1	1	1	1	1	1	1	1	1	1	1	1	1	1	1	1
531	14	1	1	1	1	1	1	1	1	2	1	1	1	1	1	2	1	1	1	1
532	15	1	1	1	1	1	1	1	1	1	1	1	1	1	1	2	1	1	1	1
533	15	1	1	1	1	1	1	1	1	1	1	1	1	1	2	1	1	1	1	1
534	15	1	1	1	1	1	1	1	1	2	1	1	1	1	1	1	1	1	1	1
535	15	1	1	1	1	1	2	1	1	1	1	1	1	1	1	2	1	1	1	1
536	15	1	1	1	1	1	1	1	1	2	1	1	1	1	1	1	1	1	1	1
537	9	1	1	1	1	1	1	1	1	2	1	1	1	1	1	1	1	1	1	1
538	15	1	1	1	2	2	1	1	1	1	1	1	1	2	1	1	1	1	1	1
539	15	1	1	1	1	2	2	1	1	1	1	1	1	1	1	1	1	1	1	1
540	13	1	2	1	1	1	1	1	1	1	1	1	1	1	1	1	1	1	1	1
541	13	1	2	2	1	1	1	1	1	1	1	1	1	1	1	1	1	1	1	1
542	13	1	1	1	2	2	1	1	1	1	1	1	1	2	1	2	1	1	1	1
543	13	1	1	1	1	1	1	1	1	2	1	1	1	2	1	1	1	1	1	1
544	14	1	1	1	1	1	1	2	1	2	1	1	1	1	1	2	1	1	1	1
545	13	1	1	1	1	1	2	1	1	1	1	1	1	1	1	2	1	1	1	1
546	14	1	2	1	1	1	1	1	1	1	1	1	1	1	1	1	1	2	1	1
547	14	1	1	1	1	1	1	2	1	1	1	1	1	1	1	1	1	1	1	1
548	14	1	1	1	1	2	1	1	1	1	2	1	1	1	1	1	1	1	1	1
549	13	1	1	1	1	1	1	1	1	2	1	1	1	1	1	2	1	1	2	1
550	13	1	2	1	1	1	1	1	1	1	1	1	1	1	1	1	1	2	1	1
551	13	1	1	1	1	1	1	1	1	1	1	1	2	1	1	1	1	1	1	1
552	13	1	1	1	1	1	1	1	1	1	1	1	1	1	1	1	2	1	1	1
553	13	1	1	1	1	1	1	1	1	2	1	1	1	1	1	2	1	1	1	1
554	13	1	2	2	1	1	1	1	1	1	1	1	1	1	1	1	1	1	1	1
555	13	1	1	1	1	1	1	1	1	2	1	1	1	1	1	1	1	1	1	1
556	13	1	1	1	1	1	1	1	1	1	1	1	1	1	1	1	1	1	1	2
557	12	1	1	1	1	1	1	1	1	2	1	1	1	2	1	1	1	1	1	1
558	12	1	1	1	1	1	1	1	1	2	2	1	1	1	1	1	1	2	1	1
559	12	1	1	1	1	1	1	1	1	2	1	1	2	1	1	1	1	1	1	1
560	13	1	1	2	1	2	2	1	1	1	2	1	1	1	1	2	2	1	1	1
561	12	1	1	1	1	1	1	1	1	2	1	1	2	1	1	1	1	1	1	1
562	13	1	2	2	1	1	1	1	1	1	1	1	1	1	1	1	1	1	1	2
563	13	1	1	1	1	1	1	1	1	1	1	1	2	1	1	1	1	1	1	1
564	13	1	1	1	1	1	2	1	1	1	1	1	2	1	1	1	1	1	1	1
565	13	1	1	1	1	1	1	1	1	1	1	1	2	1	1	1	1	2	1	1
566	12	1	2	2	1	1	1	1	1	1	1	1	1	1	1	1	1	2	1	1
567	12	1	1	1	1	1	1	1	1	1	1	1	2	1	1	1	1	1	1	1
568	12	1	2	1	1	1	1	1	1	1	1	1	1	1	1	2	1	2	1	1
569	12	1	1	1	1	1	1	1	1	2	1	1	2	1	1	1	1	1	1	1
570	12	1	1	1	1	1	1	1	1	1	1	1	1	1	1	1	1	1	1	2
571	11	1	1	1	1	1	2	1	1	1	1	1	1	1	1	1	1	2	1	1
572	12	1	2	1	1	1	1	1	1	1	1	1	1	1	1	1	1	2	1	1
573	11	1	1	1	1	1	1	1	1	1	1	1	2	1	1	1	2	2	1	1
574	11	1	1	1	1	1	1	1	1	1	1	1	1	1	2	2	1	2	1	1
575	12	1	1	1	1	1	2	1	1	1	1	1	1	1	1	1	1	1	1	2
576	11	1	2	2	1	1	1	2	1	1	1	1	1	1	1	1	1	1	1	1
577	11	1	1	1	1	1	2	1	1	1	1	1	1	1	1	1	2	1	1	1
578	11	1	2	1	1	1	1	1	1	1	1	1	1	1	1	1	2	1	1	1
579	11	1	1	1	1	1	2	1	1	1	1	1	1	1	1	1	1	1	1	1
580	13	1	1	1	1	1	2	1	1	1	1	1	1	1	1	2	1	1	1	1
581	11	1	1	1	1	1	1	1	1	2	1	1	1	1	1	1	1	2	1	1
582	11	1	1	1	1	1	1	1	1	2	1	1	1	1	1	2	1	1	1	1
583	11	1	1	1	1	1	1	2	1	1	1	1	1	1	1	1	1	2	1	1
584	11	1	1	1	1	2	1	1	1	2	1	1	1	1	1	1	1	1	1	1
585	11	1	1	1	1	1	2	1	1	1	1	1	1	1	1	1	1	1	1	1
586	12	1	2	1	1	1	1	1	1	1	1	1	1	1	1	1	1	1	1	1
587	11	1	1	1	1	1	1	1	1	2	1	1	1	1	2	1	1	1	1	1
588	9	1	1	1	2	2	1	1	1	1	1	1	1	2	1	1	1	1	1	1
589	4	1	1	1	1	1	1	1	1	1	1	1	1	1	1	1	1	1	1	2
590	14	1	2	1	1	1	1	1	1	1	1	1	2	1	1	1	2	1	1	1
591	14	1	1	1	1	1	1	1	1	2	1	1	1	1	1	1	1	2	1	1
592	13	1	1	1	1	1	1	1	1	1	1	1	1	1	2	1	1	2	1	1
593	11	1	1	1	1	1	1	1	1	1	1	1	1	1	1	1	1	1	2	1
594	14	1	1	1	1	1	1	1	1	2	1	1	1	1	1	2	1	1	1	1
595	14	1	1	1	1	1	1	1	1	1	1	1	1	1	1	1	1	2	1	1
596	14	1	1	1	2	2	1	1	1	1	1	1	1	2	1	1	1	1	1	1
597	14	1	2	1	1	1	1	1	1	1	1	1	1	1	1	1	1	2	1	1
598	14	1	1	1	1	1	2	1	1	2	1	1	1	1	1	1	1	1	1	1
599	14	1	2	1	1	1	1	1	1	1	1	1	1	1	1	1	1	1	1	1
600	14	1	1	1	1	2	1	1	1	1	1	1	1	1	1	1	1	1	1	1
601	2	1	1	2	1	1	1	1	1	1	1	1	1	1	1	1	1	1	2	1
602	3	1	1	1	1	1	1	1	1	1	1	1	1	2	1	2	1	1	1	1
603	3	1	1	1	1	1	1	1	1	1	1	1	1	1	2	1	1	2	1	1
604	1	1	1	1	1	1	2	1	1	1	1	1	1	1	1	1	1	1	1	1
605	2	1	1	1	1	1	1	1	1	1	1	1	1	2	1	1	1	1	1	1
606	3	1	1	1	1	1	1	1	1	2	1	1	1	1	1	1	1	1	1	1
607	2	1	1	1	1	1	1	1	1	1	1	1	1	1	1	2	1	2	1	1
608	2	1	1	1	1	1	1	1	1	1	1	1	1	1	2	2	1	2	1	1
609	3	1	1	1	1	1	2	1	1	1	1	1	1	1	1	1	1	1	1	1
610	3	1	1	1	1	1	1	1	1	1	1	1	1	2	1	1	1	1	1	1
611	2	1	1	1	1	1	1	2	1	1	1	2	1	1	2	1	1	1	1	1
612	1	1	1	1	1	1	1	1	1	2	1	1	1	1	1	1	1	1	1	1
613	1	1	1	1	1	1	2	1	1	1	1	1	1	1	1	1	1	1	1	1
614	3	1	1	1	1	1	1	1	1	2	1	1	1	1	1	1	1	1	1	1
615	1	1	1	1	1	1	1	1	1	1	1	1	1	1	1	1	1	2	1	1
616	4	1	1	1	1	1	1	1	1	1	1	1	2	1	1	1	2	1	1	1
617	1	1	1	1	1	1	1	1	1	2	1	1	1	1	1	1	1	1	1	1
618	3	1	1	1	1	1	1	1	1	2	1	1	1	1	1	1	1	1	1	1
619	14	1	1	1	1	1	1	1	1	2	1	1	1	1	1	1	1	2	1	1
620	14	1	1	1	1	1	1	1	1	2	1	1	1	1	1	1	1	1	1	1
621	3	1	1	1	1	1	1	1	1	1	1	1	1	1	1	1	1	1	1	2
622	4	1	1	2	1	2	1	1	1	1	1	1	1	1	1	1	1	1	1	1
623	12	1	1	1	1	2	2	1	1	1	1	1	1	1	1	1	1	1	1	1
624	2	1	1	1	2	2	1	1	1	1	1	1	1	2	1	1	1	1	1	1
625	4	1	1	1	2	2	1	1	1	1	1	1	1	1	1	1	1	1	1	1
626	2	1	1	1	1	2	1	1	1	2	1	1	1	1	1	1	1	1	1	1
627	9	1	1	1	1	1	1	1	1	2	1	1	1	1	1	1	1	1	1	1
628	14	1	1	1	1	1	1	2	1	2	1	1	1	1	1	1	1	1	1	1
629	6	1	1	1	1	1	2	1	1	1	1	1	1	2	1	1	1	1	1	1
630	4	1	1	1	1	1	2	1	1	1	1	1	1	2	1	1	1	1	1	1
631	10	1	2	1	1	1	1	1	1	2	1	1	1	1	1	2	1	1	2	1
632	6	1	1	1	1	1	1	1	1	2	1	1	1	1	1	1	1	1	1	1
633	1	1	1	1	1	1	1	1	1	2	1	1	1	1	1	1	1	1	1	1
634	14	1	1	1	1	1	1	1	2	1	1	1	1	1	1	1	1	1	1	1
635	6	1	1	1	1	1	1	1	1	1	1	1	2	1	1	1	1	1	1	1
636	6	1	2	2	1	1	1	1	1	1	1	1	1	1	1	1	2	2	1	1
637	6	1	1	1	1	1	2	1	1	1	1	1	2	1	1	1	1	1	1	1
638	6	1	1	1	1	1	1	1	1	2	1	1	1	1	1	1	1	1	1	1
639	5	1	1	1	1	1	1	1	1	2	1	1	1	1	1	1	1	1	1	1
640	7	1	1	1	1	1	1	1	1	2	1	1	1	1	1	1	1	1	1	1
641	3	1	1	1	1	1	1	1	1	2	1	1	1	1	1	1	1	1	2	1
642	8	1	1	1	1	1	1	2	1	2	1	2	1	1	1	1	1	1	1	1
643	12	1	1	1	1	1	1	1	1	2	1	1	1	1	1	2	1	1	1	1
644	7	1	1	1	1	1	1	1	2	1	1	1	1	1	1	1	1	1	1	1
645	8	1	1	1	1	1	1	1	2	1	1	1	1	1	1	1	1	1	1	1
646	4	1	1	1	1	1	1	1	1	1	1	1	1	1	1	1	1	1	1	2
647	7	1	1	1	1	1	1	1	1	2	1	1	1	1	1	1	1	1	2	1
648	3	1	1	1	1	1	2	1	1	1	1	1	1	1	1	2	1	1	1	1
649	6	1	1	1	1	1	1	2	1	2	1	1	1	1	1	1	1	2	1	1
650	3	1	1	1	1	1	1	1	1	2	1	1	1	1	1	1	1	1	1	1
651	7	1	2	1	1	1	1	1	1	2	1	1	1	1	1	1	1	1	2	1
652	8	1	1	1	1	1	2	1	1	2	1	1	1	1	1	1	1	1	1	1
653	3	1	1	1	1	1	1	2	1	1	1	2	1	1	1	1	1	2	1	1
654	5	1	1	1	1	1	1	1	1	1	1	2	1	1	2	1	1	2	1	1
655	7	1	1	2	1	1	2	1	1	2	1	1	1	1	1	1	1	1	1	1
656	1	1	1	1	1	1	1	2	1	1	1	2	1	1	1	1	1	2	1	1
657	4	1	1	1	1	1	1	1	1	1	1	2	1	1	1	1	1	2	1	1
658	8	1	1	1	1	1	1	1	1	2	1	1	1	1	1	1	1	1	1	1
659	2	1	1	1	1	1	2	1	1	1	1	1	1	1	2	1	1	2	1	1
660	9	1	1	1	1	1	1	1	1	2	1	1	1	1	1	1	1	1	1	1
661	3	1	1	1	1	1	1	1	1	1	1	1	1	1	1	1	1	1	1	2
662	6	1	1	1	1	1	1	1	1	2	1	1	1	1	1	2	1	1	1	1
663	5	1	1	1	1	1	2	1	1	1	1	1	1	1	1	1	1	1	1	1
664	6	1	1	1	1	1	1	1	1	2	1	1	1	1	1	1	1	1	1	1
665	10	1	2	1	1	1	1	1	1	1	1	1	2	1	1	1	2	2	1	1
666	5	1	1	1	1	1	1	1	1	1	1	1	2	1	1	1	1	1	1	1
667	5	1	1	1	1	1	1	1	1	1	1	1	2	1	1	1	1	1	1	1
668	6	1	2	1	1	1	1	1	1	1	1	1	2	1	1	1	1	1	1	1
669	9	1	1	1	1	1	1	1	1	1	1	1	2	1	1	1	1	1	1	1
670	11	1	1	1	1	1	1	1	1	1	1	1	2	1	1	1	2	2	1	1
671	1	1	1	1	1	1	1	1	1	1	1	1	2	1	1	1	1	1	1	1
672	10	1	1	1	1	1	1	1	1	1	1	1	2	1	1	1	1	1	1	1
673	4	1	1	1	1	1	1	1	1	1	1	2	1	1	1	1	1	2	1	1
674	6	1	1	1	1	1	1	1	1	1	1	1	2	1	1	1	1	1	1	1
675	1	1	1	1	1	1	1	1	1	1	1	1	2	1	1	1	1	1	1	1
676	14	1	1	1	1	1	1	1	1	2	1	1	1	1	1	1	1	1	1	1
677	15	1	1	1	1	1	1	1	2	1	1	1	1	1	1	1	1	1	1	1
678	15	1	1	1	1	1	1	1	1	2	1	1	1	1	1	1	1	2	1	1
679	6	1	2	2	1	1	1	1	1	1	1	1	1	1	1	1	1	1	1	1
680	15	1	2	2	1	1	1	1	1	1	1	1	1	1	1	1	1	1	1	1
681	15	1	1	1	1	1	1	1	1	1	1	1	2	1	1	1	1	1	1	1
682	15	1	1	1	1	1	1	1	1	1	1	1	2	1	2	1	1	2	1	1
683	15	1	1	1	1	1	2	1	1	1	1	1	1	1	1	1	1	1	1	1
684	11	1	2	1	1	1	1	1	1	1	1	1	1	1	1	1	1	2	1	1
685	14	1	2	1	1	1	1	1	1	1	1	1	1	1	1	1	1	2	1	1
686	11	1	2	1	1	1	1	1	1	2	1	1	1	1	1	1	1	1	1	1
687	15	1	1	1	1	1	2	1	1	1	1	1	1	1	1	1	1	1	2	1
688	15	1	1	1	1	1	2	1	1	1	1	1	1	1	1	1	1	1	1	1
689	15	1	2	1	1	1	1	1	1	1	1	1	1	1	1	1	1	2	1	1
690	15	1	1	1	1	1	1	1	1	2	1	1	1	1	1	1	1	1	2	1
691	16	1	1	1	1	1	1	1	1	1	1	2	1	1	1	1	2	2	1	1
692	13	1	1	1	1	1	2	1	1	2	1	1	1	1	1	2	1	1	1	1
693	13	1	1	1	1	1	1	1	1	2	1	1	1	1	1	1	1	1	1	1
694	13	1	1	1	1	1	1	1	1	1	1	1	1	1	1	2	1	1	1	1
695	13	1	1	1	1	1	2	1	1	2	1	1	1	1	1	1	1	1	1	1
696	14	1	1	1	1	1	1	1	1	2	1	1	1	1	1	1	1	2	1	1
697	13	1	1	1	1	1	1	1	1	2	1	1	1	1	1	1	1	1	1	1
698	12	1	1	1	1	1	1	1	1	2	1	1	1	1	1	1	1	1	1	1
699	12	1	1	1	1	1	1	1	1	2	1	1	1	1	1	1	1	1	1	1
700	13	1	1	1	1	1	2	1	1	1	1	1	1	1	1	1	1	1	1	1
701	11	1	1	1	1	1	1	1	2	1	1	1	1	1	1	1	1	1	1	1
702	12	1	1	1	1	1	2	1	1	1	1	1	1	1	1	2	1	1	1	1
703	12	1	1	1	1	1	1	1	1	2	1	1	1	1	1	1	1	1	1	1
704	11	1	1	1	1	1	1	1	1	2	1	1	1	1	1	2	1	1	1	1
705	3	1	1	1	1	1	1	1	1	1	1	1	1	2	1	2	1	1	1	1
706	14	1	1	1	1	1	1	1	1	1	1	1	2	1	1	1	1	1	1	1
707	9	1	1	1	1	1	1	1	1	2	1	1	1	1	1	1	1	1	1	1
708	7	1	1	1	1	1	1	1	1	2	1	1	1	1	1	1	1	1	1	1
709	10	1	1	1	1	1	2	1	1	1	1	1	1	1	1	2	1	1	1	1
710	7	1	1	1	1	1	2	1	1	1	1	1	1	1	1	1	1	1	1	1
711	14	1	1	1	1	1	1	1	1	2	1	1	1	1	1	1	1	1	1	1
712	7	1	1	1	1	1	2	1	1	2	1	1	1	1	1	1	1	1	1	1
713	13	1	1	1	1	1	1	1	1	2	1	1	1	1	1	1	1	1	1	1
714	13	1	1	1	1	1	1	1	1	2	1	1	1	1	1	2	1	1	1	1
715	13	1	1	1	1	1	2	1	1	2	1	1	1	1	1	1	1	1	1	1
716	13	1	1	1	1	1	1	1	1	2	1	1	1	1	1	2	1	1	1	1
717	14	1	1	1	1	1	1	1	1	2	1	1	1	1	1	1	1	2	1	1
718	14	1	1	1	1	1	2	1	1	1	1	1	1	1	1	1	1	1	1	1
719	12	1	1	1	1	1	2	1	1	1	1	1	1	1	1	1	1	1	2	1
720	13	1	2	2	1	1	1	1	1	2	1	1	1	1	1	2	1	1	1	1
721	13	1	1	1	1	1	2	1	1	1	1	1	1	1	1	1	1	1	1	1
722	13	1	1	1	1	1	2	1	1	1	1	1	1	1	1	1	1	1	1	1
723	13	1	1	1	1	1	2	1	1	2	1	1	1	1	1	1	1	1	1	1
724	13	1	1	1	1	1	1	1	1	2	1	1	1	1	1	2	1	1	1	1
725	12	1	1	1	1	1	2	1	1	1	1	1	1	1	1	1	1	1	1	1
726	13	1	1	1	1	2	1	1	1	2	1	1	1	1	1	1	1	1	1	1
727	12	1	1	1	1	1	1	1	1	2	1	1	1	1	1	2	1	1	1	1
728	12	1	1	1	1	1	2	1	1	1	1	1	1	1	1	1	2	1	1	1
729	12	1	1	1	1	1	1	1	1	2	1	1	1	1	1	1	1	1	1	1
730	14	1	1	1	1	1	1	1	1	2	1	1	1	1	1	2	1	1	1	1
731	12	1	1	1	1	1	2	1	1	2	1	1	1	1	1	2	1	1	1	1
732	11	1	1	1	1	1	2	1	1	1	1	1	1	1	1	2	1	1	1	1
733	12	1	1	1	1	1	1	1	1	2	1	1	1	1	1	2	1	1	1	1
734	11	1	1	1	1	1	2	1	1	1	1	1	1	1	1	1	1	1	1	1
735	11	1	1	1	1	1	1	1	1	2	1	1	1	1	1	1	1	1	1	1
736	11	1	1	1	1	1	1	1	1	2	1	1	1	1	1	2	1	1	1	1
737	12	1	1	1	1	1	2	1	1	2	1	1	1	1	1	1	1	1	1	1
738	12	1	1	1	1	1	2	1	1	1	1	1	1	1	1	2	1	1	1	1
739	8	1	1	1	1	1	2	1	1	1	1	1	1	1	1	2	1	1	1	1
740	14	1	1	1	1	1	1	1	1	2	1	1	1	1	1	2	1	1	1	1
741	14	1	1	1	1	1	1	1	1	2	1	1	1	1	1	1	1	2	1	1
742	14	1	1	1	1	1	1	1	1	2	1	1	1	1	1	1	1	2	1	1
743	14	1	2	1	1	1	1	1	1	1	1	1	1	1	1	1	1	2	1	1
744	14	1	1	1	1	1	1	1	1	2	1	1	1	1	1	1	1	1	2	1
745	5	1	1	1	1	1	2	1	1	1	1	1	1	1	1	1	1	1	1	1
746	7	1	1	1	1	1	2	1	1	1	1	1	1	1	1	1	1	1	1	1
747	11	1	1	1	1	1	2	1	1	1	1	1	1	1	1	2	1	1	1	1
748	15	1	2	1	1	1	1	1	1	1	1	1	1	1	1	2	1	2	1	1
749	15	1	1	1	1	1	2	1	1	1	1	1	1	1	1	2	1	1	1	1
750	15	1	1	1	1	1	1	1	1	2	1	1	1	1	1	1	1	1	1	1
751	15	1	2	1	1	1	1	1	1	1	1	1	1	1	1	2	1	2	1	1
752	16	1	2	1	1	1	1	1	1	1	1	1	1	1	1	1	1	2	1	1
753	12	1	1	1	1	1	1	1	1	2	1	1	1	1	1	1	1	1	1	1
754	15	1	1	1	1	1	1	2	1	1	1	1	1	1	1	1	1	2	1	1
755	13	1	2	2	1	2	1	1	1	1	2	1	1	1	1	1	2	1	1	1
756	13	1	1	1	1	1	2	1	1	1	1	1	1	1	1	1	1	1	1	1
757	13	1	1	1	1	1	1	1	2	1	1	1	1	1	1	1	1	1	1	1
758	14	1	1	1	1	1	1	1	1	1	1	1	1	1	1	1	2	2	1	1
759	13	1	2	1	1	1	1	1	1	1	1	1	1	1	1	1	1	1	1	1
760	13	1	1	1	1	1	1	1	1	1	1	1	1	1	1	1	2	1	1	1
761	13	1	2	1	1	1	1	1	1	1	1	1	1	1	1	1	1	2	1	1
762	14	1	1	1	1	1	1	1	1	2	1	1	1	1	1	1	1	1	1	1
763	14	1	1	1	1	1	2	1	1	1	1	1	1	1	1	1	1	1	1	1
764	14	1	1	1	1	1	2	1	1	1	1	1	1	1	1	2	1	1	1	1
765	10	1	1	1	1	1	2	1	1	1	1	1	1	1	1	2	1	1	1	1
766	14	1	1	1	1	1	1	1	2	1	1	1	1	1	1	1	1	1	1	1
767	13	1	1	1	1	1	1	1	1	1	1	1	2	1	1	1	1	1	1	1
768	13	1	1	2	1	2	1	1	1	1	1	1	1	1	1	1	1	1	1	1
769	13	1	2	2	1	1	1	1	1	1	1	1	1	1	2	1	2	1	1	1
770	13	1	1	1	1	1	1	2	1	1	1	2	1	1	2	1	1	2	1	1
771	13	1	2	1	1	1	1	1	1	1	1	1	1	1	1	1	2	2	1	1
772	13	1	1	1	1	1	1	1	1	2	1	1	1	1	1	1	1	1	1	1
773	12	1	1	1	1	1	1	1	1	1	1	1	1	1	1	1	1	2	1	1
774	13	1	1	1	1	1	1	1	1	1	1	1	2	1	1	1	1	1	1	1
775	13	1	1	1	1	1	2	1	1	2	1	1	1	1	1	2	1	1	1	1
776	13	1	1	1	1	1	1	1	1	2	1	1	1	1	1	1	1	1	1	1
777	13	1	1	1	1	1	1	1	1	1	1	1	2	1	1	1	1	1	1	1
778	13	1	1	1	1	1	2	1	1	2	1	1	1	1	1	2	1	1	1	1
779	12	1	2	1	1	1	1	1	1	1	1	1	1	1	1	1	1	1	1	1
780	12	1	1	1	1	1	2	1	1	1	1	1	1	1	1	1	1	1	1	1
781	13	1	1	1	1	1	2	1	1	1	1	1	1	1	1	2	1	1	1	1
782	12	1	1	1	1	1	1	1	1	2	1	1	1	1	1	1	1	1	1	1
783	12	1	1	1	1	1	2	1	1	1	1	1	1	1	1	2	1	1	1	1
784	11	1	1	1	1	1	1	1	1	2	1	1	2	1	1	1	1	1	1	1
785	12	1	1	1	1	1	2	1	1	1	1	1	1	1	1	2	1	1	1	1
786	13	1	1	1	1	1	2	1	1	1	1	1	1	1	1	2	1	1	1	1
787	13	1	1	1	1	1	2	1	1	2	1	1	1	1	1	1	1	1	1	1
788	12	1	1	1	1	1	1	1	1	1	1	1	2	1	1	1	1	2	1	1
789	13	1	1	1	1	1	2	1	1	2	1	1	1	1	1	1	1	1	1	1
790	13	1	1	1	1	1	2	1	1	1	1	1	1	1	1	1	1	1	1	1
791	13	1	1	1	1	2	1	1	1	1	1	1	1	1	1	1	1	1	1	1
792	12	1	1	1	1	1	2	1	1	1	1	1	1	1	1	1	1	1	1	1
793	12	1	1	1	1	1	2	1	1	1	1	1	1	1	1	1	1	1	1	1
794	12	1	1	1	1	1	1	1	1	2	1	1	1	1	1	2	1	1	1	1
795	12	1	1	1	1	2	2	1	1	1	1	1	1	1	1	1	1	1	1	1
796	12	1	1	1	1	1	2	1	1	1	1	1	1	1	1	2	1	1	1	1
797	12	1	2	1	1	1	1	1	1	1	1	1	1	1	1	1	2	1	1	1
798	13	1	2	1	1	1	1	1	1	1	1	1	1	1	1	1	1	1	1	1
799	13	1	1	1	1	1	1	1	1	2	1	1	1	1	1	1	1	1	1	1
800	13	1	1	1	1	1	1	1	1	1	1	1	2	1	1	1	1	2	1	1
801	12	1	1	1	1	1	2	1	1	1	1	1	1	1	1	1	1	1	1	1
802	11	1	2	2	1	1	1	2	1	1	1	1	1	1	1	1	1	2	1	1
803	11	1	2	1	1	1	1	1	1	2	1	1	1	1	1	1	1	1	2	1
804	12	1	1	1	1	1	2	1	1	1	1	1	1	1	1	1	1	1	1	1
805	11	1	1	1	1	1	2	1	1	1	1	1	1	1	2	1	1	1	1	1
806	11	1	2	1	1	1	1	2	1	2	1	1	1	1	1	1	1	1	1	1
807	11	1	1	1	1	1	1	1	1	2	1	1	1	1	1	1	1	1	1	1
808	11	1	2	1	1	1	1	1	1	2	1	1	1	1	1	1	1	1	1	1
809	11	1	2	1	1	1	1	1	1	2	1	1	1	1	2	1	1	1	1	1
810	12	1	2	1	1	1	1	1	1	1	1	1	1	1	1	1	1	1	1	1
811	11	1	1	1	1	1	1	1	2	1	1	1	1	1	1	1	1	1	1	1
812	12	1	1	2	1	2	1	1	1	1	1	1	1	1	1	1	1	1	1	1
813	14	1	1	1	1	1	1	1	2	1	1	1	1	1	1	1	1	1	1	1
814	12	1	1	1	1	1	1	1	2	1	1	1	1	1	1	1	1	1	1	1
815	14	1	1	1	1	1	1	1	1	2	1	1	1	1	1	2	1	1	1	1
816	13	1	1	1	1	1	1	1	1	1	1	1	2	1	1	1	1	1	1	1
817	14	1	1	1	1	1	1	1	1	2	1	1	1	1	1	1	1	1	1	1
818	14	1	1	1	1	1	2	1	1	1	1	1	1	1	1	1	1	1	1	1
819	14	1	1	1	1	1	2	1	1	1	1	1	1	1	1	1	1	1	1	1
820	14	1	1	2	2	2	2	1	1	1	2	1	1	1	1	1	1	1	1	1
821	14	1	1	1	1	1	2	1	1	1	1	1	1	1	1	2	1	1	1	1
822	4	1	1	1	1	1	1	1	1	2	1	1	1	1	1	1	1	1	1	1
823	14	1	1	1	1	1	1	2	1	1	1	2	1	1	1	1	1	2	1	1
824	14	1	1	1	1	1	2	1	1	1	1	1	1	1	1	1	1	1	1	1
825	14	1	2	1	1	1	1	1	1	1	1	1	1	1	1	1	2	2	1	1
826	14	1	1	2	1	1	1	1	1	1	1	1	1	1	1	1	1	1	1	1
827	14	1	2	2	1	1	1	1	1	1	1	1	1	1	1	1	1	2	1	1
828	14	1	1	2	1	2	1	1	1	1	1	1	1	1	1	1	1	1	1	1
829	14	1	2	2	1	1	1	1	1	1	1	1	1	1	1	1	1	1	1	1
830	14	1	2	1	1	1	1	1	1	1	1	1	1	1	2	1	1	2	1	1
831	14	1	2	2	1	1	1	1	1	1	1	1	1	1	1	1	2	2	1	1
832	14	1	1	1	1	2	1	1	1	2	2	1	1	1	1	1	1	1	1	1
833	14	1	2	1	1	1	1	1	1	1	1	1	1	1	1	1	1	1	1	1
834	13	1	1	1	1	1	1	1	1	1	1	1	2	1	1	1	1	2	1	1
835	1	1	1	1	1	1	2	1	1	1	1	1	1	2	1	2	1	1	1	1
836	1	1	1	1	1	1	2	1	1	1	1	1	1	1	1	2	1	1	1	1
837	2	1	1	1	1	1	1	1	1	2	1	1	1	1	1	1	1	1	1	1
838	14	1	2	1	1	1	1	1	1	1	1	1	1	1	1	1	1	1	1	1
839	13	1	1	1	1	1	1	1	1	1	1	1	2	1	1	1	1	2	1	1
840	14	1	2	1	1	1	1	1	1	2	1	1	1	1	1	1	1	1	1	2
841	14	1	2	1	1	1	1	1	1	1	1	1	1	1	1	1	1	2	1	1
842	4	1	1	1	1	2	2	1	1	2	1	1	1	1	1	1	1	1	1	1
843	3	1	1	1	1	2	2	1	1	1	1	1	1	1	1	1	1	1	1	1
844	14	1	1	1	1	1	1	2	1	1	1	1	1	1	1	1	1	1	1	1
845	14	1	1	1	1	1	2	1	1	1	1	1	1	1	1	1	1	1	1	1
846	14	1	1	1	1	1	1	1	1	2	1	1	1	1	1	2	1	1	1	1
847	14	1	1	1	1	1	1	1	2	2	1	1	1	1	1	1	1	1	1	1
848	2	1	1	1	1	1	1	1	1	1	1	2	1	1	1	1	1	2	1	1
849	8	1	2	1	1	1	1	1	1	1	1	1	1	1	1	2	1	1	1	1
850	14	1	1	1	1	1	1	1	2	1	1	1	1	1	1	1	1	1	1	1
851	4	1	1	1	1	1	1	1	1	2	1	1	1	1	1	1	1	1	1	1
852	14	1	1	1	1	1	1	1	1	2	1	1	1	1	1	1	1	2	1	1
853	10	1	1	1	1	1	2	1	1	1	1	1	2	1	1	1	1	1	1	1
854	7	1	1	1	1	1	2	1	1	1	1	1	2	1	1	1	1	1	1	1
855	6	1	2	1	1	1	1	1	1	2	1	1	1	1	2	2	1	2	1	1
856	9	1	1	1	1	1	2	1	1	2	1	1	1	1	1	1	1	1	1	1
857	14	1	1	1	1	1	1	1	2	1	1	1	1	1	1	1	1	1	1	1
858	14	1	1	1	1	1	1	1	1	1	1	1	2	1	1	1	1	1	1	1
859	7	1	1	1	1	1	2	1	1	1	1	1	2	1	1	1	1	1	1	1
860	7	1	1	1	1	1	1	1	1	1	1	1	2	1	1	1	1	2	1	1
861	7	1	1	1	1	1	1	1	1	1	1	1	2	1	1	1	1	1	1	1
862	14	1	1	2	1	2	2	1	1	1	1	1	1	1	1	1	1	1	1	1
863	14	1	1	1	1	1	1	1	1	2	1	1	1	1	1	1	1	1	1	1
864	14	1	1	1	1	1	2	1	1	1	1	1	1	1	1	1	1	1	1	1
865	15	1	1	1	1	1	1	1	1	2	1	1	1	1	1	1	1	1	1	1
866	14	1	1	1	1	1	2	1	1	1	1	1	1	1	1	2	1	1	1	1
867	14	1	1	1	1	1	1	1	1	2	1	1	1	1	1	1	1	1	1	1
868	15	1	1	1	1	1	1	1	1	2	1	1	1	1	1	1	1	1	1	1
869	15	1	1	1	1	1	2	1	1	1	1	1	1	1	1	2	1	1	1	1
870	15	1	1	1	1	1	1	1	1	1	1	1	1	1	1	2	1	1	1	1
871	15	1	1	1	1	1	2	1	1	1	1	1	1	1	1	1	1	1	1	1
872	15	1	1	1	1	1	1	1	1	1	1	1	1	1	1	2	1	1	1	1
873	15	1	1	1	1	1	2	1	1	1	1	1	1	1	1	2	1	1	1	1
874	15	1	1	1	1	1	1	1	1	2	1	1	1	1	1	1	1	1	1	1
875	15	1	1	1	1	1	1	1	1	2	1	1	1	1	1	2	1	1	1	1
876	15	1	2	1	1	1	2	1	1	1	1	1	1	1	1	1	1	1	1	1
877	15	1	1	2	1	1	1	1	1	1	1	1	1	1	1	2	1	1	1	1
878	15	1	1	1	1	2	2	1	1	1	1	1	1	1	2	1	1	1	1	1
879	15	1	2	1	1	1	1	1	1	1	1	1	1	1	1	1	1	2	2	1
880	15	1	1	1	1	1	1	1	1	2	1	1	1	1	1	1	1	1	1	1
881	15	1	2	1	1	1	2	1	1	1	1	1	1	1	1	1	1	1	1	1
882	15	1	1	1	1	1	1	1	1	2	1	1	1	1	1	1	1	1	1	1
883	15	1	1	1	1	1	1	1	1	2	1	1	1	1	1	1	1	1	1	1
884	15	1	1	1	1	1	1	1	2	1	1	1	1	1	1	1	1	1	1	1
885	16	1	1	1	1	1	1	1	1	1	1	1	2	1	1	1	1	1	1	1
886	15	1	1	1	1	1	1	1	1	1	1	1	1	1	1	2	1	2	1	1
887	15	1	1	1	1	1	1	1	1	2	1	1	1	1	1	1	1	1	1	1
888	15	1	1	1	1	1	1	1	1	2	1	1	1	1	1	1	1	1	1	1
889	15	1	1	1	1	1	1	1	1	1	1	1	1	1	1	2	1	1	1	1
890	15	1	2	2	1	1	1	1	1	1	1	1	1	1	1	1	1	1	1	1
891	15	1	1	1	1	1	1	1	1	2	1	1	1	1	1	1	1	1	2	1
892	15	1	1	1	1	2	2	1	1	1	2	1	1	1	1	1	1	1	1	1
893	15	1	1	1	1	1	2	1	1	1	1	1	1	1	1	1	1	1	1	1
894	15	1	1	1	1	2	2	1	1	1	1	1	1	1	1	1	1	1	1	1
895	15	1	1	1	1	1	1	1	1	1	1	1	2	1	1	1	1	2	1	1
896	15	1	1	1	1	1	1	1	1	2	1	1	1	1	1	1	1	1	1	1
897	13	1	2	2	1	1	1	1	1	1	1	1	1	1	1	1	2	1	1	1
898	15	1	1	1	1	1	1	1	1	2	1	1	1	1	1	1	1	1	1	1
899	15	1	1	1	1	1	1	1	1	2	1	1	1	1	1	1	1	1	1	1
900	15	1	1	1	1	1	1	1	1	2	1	1	1	1	1	1	1	1	1	1
901	15	1	1	1	1	1	2	1	1	1	1	1	1	1	1	1	1	1	1	1
902	15	1	1	1	1	1	2	2	1	1	1	1	1	1	2	1	1	2	1	1
903	15	1	1	1	1	1	1	1	1	2	1	1	1	1	1	2	1	1	1	1
904	15	1	1	1	1	1	2	1	1	2	1	1	1	1	1	1	1	1	1	1
905	16	1	1	1	1	1	1	1	1	2	1	1	1	1	1	2	1	1	1	1
906	15	1	1	1	1	1	1	1	1	2	1	1	1	1	1	2	1	1	1	1
907	15	1	1	1	1	1	2	1	1	1	1	1	1	1	1	1	1	1	1	1
908	16	1	1	1	1	1	2	1	1	1	1	1	1	1	1	1	1	1	1	1
909	16	1	1	1	1	1	1	1	1	2	1	1	1	1	1	1	1	1	1	1
910	16	1	1	1	1	1	1	1	1	2	1	1	1	1	1	1	1	1	1	1
911	16	1	1	1	1	1	1	2	1	2	1	1	1	1	1	1	1	1	1	1
912	16	1	2	1	1	1	1	1	1	1	1	1	1	1	1	1	1	2	1	1
913	16	1	1	1	1	1	2	1	1	1	1	1	1	1	1	1	1	1	1	1
914	16	1	1	1	1	1	1	2	1	2	1	1	1	1	2	1	1	2	1	1
915	16	1	1	1	1	1	1	1	1	2	1	1	1	1	1	1	1	1	1	1
916	16	1	2	1	1	1	1	1	1	1	1	1	1	1	1	1	2	2	1	1
917	16	1	2	1	1	1	1	1	1	2	1	1	1	1	1	1	1	2	1	1
918	16	1	1	1	1	1	1	1	1	1	1	1	1	1	1	2	1	1	1	1
919	13	1	1	2	1	1	1	1	1	1	1	1	1	1	1	1	2	1	1	1
920	13	1	1	1	1	1	1	1	1	2	1	1	1	1	1	1	1	1	1	1
921	11	1	1	1	1	1	1	1	1	2	1	1	1	1	1	2	1	1	1	1
922	14	1	1	1	1	1	1	1	1	1	1	1	1	1	1	1	1	1	1	2
923	9	1	1	1	1	1	1	1	1	2	1	1	1	1	1	1	1	1	1	1
924	14	1	1	2	1	1	1	1	1	2	1	1	1	1	1	1	1	1	1	1
925	14	1	1	1	1	1	1	1	1	1	1	1	1	1	1	1	2	2	1	1
926	14	1	1	1	1	1	2	1	1	1	1	1	1	1	1	1	1	1	1	1
927	14	1	1	1	1	1	1	1	1	2	1	1	1	1	1	1	1	1	1	1
928	14	1	1	1	1	1	1	1	1	2	1	1	2	1	1	1	1	1	1	1
929	14	1	1	1	1	2	2	1	1	1	1	1	1	1	1	1	1	1	1	1
930	14	1	2	2	1	1	1	1	1	1	1	1	1	1	1	1	1	2	1	1
931	14	1	1	1	1	1	1	1	1	1	1	1	1	1	1	1	2	2	1	1
932	14	1	1	1	1	2	2	1	1	1	1	1	1	1	1	1	1	1	1	1
933	14	1	1	1	1	1	1	1	1	2	1	1	1	1	1	1	1	1	1	1
934	14	1	1	1	1	1	1	1	1	2	1	1	1	1	1	1	1	1	1	1
935	15	1	1	1	1	1	1	1	1	2	1	1	1	1	1	1	1	1	2	1
936	15	1	1	1	1	1	2	1	1	2	1	1	1	1	1	2	1	1	1	1
937	15	1	1	1	1	1	1	1	1	2	1	1	1	1	1	1	1	1	1	1
938	15	1	1	1	1	1	2	1	1	1	1	1	1	1	1	2	1	1	1	1
939	13	1	1	1	1	1	1	1	1	2	1	1	1	1	1	1	1	2	1	1
940	12	1	1	1	1	1	2	1	1	1	1	1	1	1	1	1	1	1	1	1
941	12	1	1	1	1	1	2	1	1	2	1	1	1	1	1	1	1	1	1	1
942	11	1	1	1	1	1	1	1	1	2	1	1	1	1	1	1	1	1	1	1
943	12	1	1	1	1	1	1	1	1	1	1	1	1	1	1	1	1	2	1	1
944	12	1	1	1	1	1	2	1	1	2	1	1	1	1	1	1	1	1	2	1
945	4	1	1	1	1	1	2	1	1	1	1	1	1	1	2	2	1	2	1	1
946	6	1	1	1	2	2	1	1	1	1	1	1	1	1	1	1	1	1	1	1
947	7	1	1	2	1	1	1	1	1	1	1	1	1	1	1	2	1	1	1	1
948	15	1	1	1	1	1	2	1	1	1	1	1	1	1	1	2	1	1	1	1
949	13	1	1	1	1	1	1	1	1	2	1	1	1	1	1	2	1	1	1	1
950	13	1	1	1	1	1	1	1	1	2	1	1	1	1	1	1	1	1	1	1
951	13	1	1	2	1	2	1	1	1	1	2	1	1	1	1	1	1	1	1	1
952	13	1	1	1	1	1	2	1	1	1	1	1	1	1	1	1	1	1	1	1
953	13	1	1	1	1	1	2	1	1	2	1	1	1	1	1	1	1	1	1	1
954	13	1	1	1	1	1	1	1	2	1	1	1	1	1	1	1	1	1	1	1
955	13	1	1	1	1	1	1	1	1	2	1	1	1	1	1	2	1	1	1	1
956	12	1	1	1	1	1	1	1	1	2	1	1	1	1	1	1	1	1	1	1
957	10	1	1	1	1	1	2	1	1	1	1	1	1	1	1	1	1	1	1	1
958	12	1	1	1	1	1	1	1	1	2	1	1	1	1	1	1	1	1	1	1
959	11	1	1	1	1	1	2	1	1	1	1	1	1	1	1	1	1	1	1	1
960	11	1	1	1	1	1	1	1	1	2	1	1	1	1	1	1	1	1	1	1
961	11	1	1	1	1	1	1	1	1	2	1	1	1	1	1	1	1	1	1	1
962	11	1	1	1	1	1	1	1	1	2	1	1	1	1	1	1	1	1	1	1
963	11	1	1	1	1	1	1	1	1	2	1	1	1	1	1	1	1	2	1	1
964	13	1	1	1	1	1	2	1	1	2	1	1	1	1	1	1	1	1	1	1
965	3	1	1	1	1	1	2	1	1	1	1	1	1	2	1	1	1	1	1	1
966	3	1	1	1	1	1	1	1	1	1	1	1	1	1	1	2	1	1	1	1
967	1	1	1	1	1	1	1	1	1	2	1	1	1	1	1	1	1	1	1	1
968	2	1	1	1	1	1	1	1	1	1	1	1	1	2	1	1	1	1	1	1
969	4	1	1	1	2	2	1	1	1	1	1	1	1	1	1	1	1	1	1	1
970	9	1	1	1	1	1	2	1	1	1	1	1	1	1	1	1	1	1	1	1
971	9	1	1	1	1	1	2	1	1	1	1	1	1	1	1	1	1	1	2	1
972	10	1	1	1	1	1	1	1	1	2	1	1	1	1	1	1	1	1	1	1
973	14	1	1	1	1	1	1	1	2	1	1	1	1	1	1	1	1	1	1	1
974	14	1	1	1	1	1	1	1	1	2	1	1	1	1	1	1	1	2	1	1
975	14	1	1	1	1	1	1	1	1	1	1	1	1	1	1	1	1	2	1	1
976	14	1	2	1	1	1	1	1	1	1	1	1	1	1	1	1	2	2	1	1
977	14	1	2	1	1	1	1	1	1	1	1	1	1	1	1	1	1	1	1	1
978	14	1	1	1	1	1	1	1	1	1	1	1	1	1	2	1	1	2	1	1
979	14	1	1	1	1	1	1	1	1	2	1	1	1	1	1	1	1	2	1	1
980	14	1	1	1	1	1	1	1	1	2	1	1	1	1	1	1	1	1	1	1
981	14	1	1	1	1	1	1	1	1	2	1	1	1	1	1	1	1	1	1	1
982	14	1	2	2	1	1	1	1	1	1	1	1	1	1	1	1	1	2	1	1
983	14	1	1	1	1	1	1	1	1	1	1	1	1	1	1	1	1	2	1	1
984	15	1	1	1	1	1	1	1	1	1	1	1	1	1	1	1	1	2	1	1
985	14	1	1	1	1	1	1	1	1	2	1	1	1	1	1	1	1	1	1	1
986	15	1	1	1	1	1	1	1	1	1	1	1	1	1	1	1	1	2	1	1
987	15	1	1	1	1	1	1	1	1	1	1	1	1	1	1	1	1	2	1	1
988	15	1	1	1	1	1	2	1	1	1	1	1	1	1	1	2	1	1	1	1
989	15	1	1	1	2	2	1	1	1	1	1	1	1	2	1	1	1	1	1	1
990	15	1	1	1	1	1	1	1	1	2	1	1	1	1	1	2	1	1	1	1
991	15	1	1	1	1	1	1	2	1	1	1	1	1	1	1	1	1	1	1	1
992	15	1	1	1	1	1	2	1	1	1	1	1	1	1	1	1	1	2	1	1
993	15	1	1	2	2	2	2	1	1	1	1	1	1	2	1	1	1	1	1	1
994	15	1	1	1	1	1	1	1	1	2	1	1	1	1	1	1	1	1	1	1
995	15	1	1	1	1	1	2	1	1	1	1	1	1	1	1	1	1	1	1	1
996	13	1	1	1	1	2	2	1	1	1	1	1	1	1	1	1	1	1	1	1
997	13	1	1	1	1	1	2	1	1	1	1	1	1	1	1	1	1	1	1	1
998	12	1	1	1	1	1	2	1	1	1	1	1	1	1	1	1	1	1	1	1
999	12	1	1	1	1	1	2	1	1	1	1	1	1	1	1	1	1	1	1	1
1000	12	1	1	1	1	1	2	1	1	1	1	1	1	1	1	1	1	1	1	2
1001	14	1	1	1	1	1	2	1	1	1	1	1	1	1	1	1	1	1	1	1
1002	15	1	1	1	1	1	2	1	1	1	1	1	1	1	1	1	1	1	1	1
1003	15	1	1	1	1	2	2	1	1	1	1	1	1	1	2	1	1	1	1	1
1004	11	1	1	1	1	1	1	1	1	2	1	1	1	1	1	1	1	1	1	2
1005	9	1	1	1	1	1	1	1	1	2	1	1	1	1	1	1	1	1	1	1
1006	9	1	1	1	1	1	1	1	1	2	1	1	1	1	1	1	2	1	1	1
1007	15	1	1	1	1	1	2	1	1	1	1	1	1	1	1	1	1	1	1	1
1008	14	1	1	1	1	1	1	1	1	2	1	1	1	1	1	1	1	1	1	1
1009	14	1	1	1	1	1	1	1	1	2	1	1	1	1	1	1	1	1	1	1
1010	14	1	1	1	1	1	1	1	1	2	1	1	1	1	1	1	1	1	1	1
1011	14	1	1	1	1	1	1	2	1	1	1	1	1	1	1	1	1	1	1	1
1012	15	1	1	1	1	1	2	1	1	2	1	1	1	1	1	1	1	1	1	1
1013	15	1	2	2	1	1	1	1	1	1	1	1	1	1	1	1	1	2	1	1
1014	15	1	1	1	1	1	2	1	1	1	1	1	1	1	1	1	1	1	1	1
1015	15	1	1	1	1	2	1	1	1	2	1	1	1	1	1	1	1	1	1	1
1016	15	1	2	2	1	1	1	1	1	1	1	1	1	1	1	1	1	2	1	1
1017	14	1	1	1	1	1	1	1	1	2	1	1	1	1	1	1	1	1	1	1
1018	8	1	1	1	1	1	1	1	1	2	1	1	1	1	1	1	1	1	1	1
1019	7	1	2	1	1	1	1	1	1	1	1	1	1	1	1	1	1	2	1	1
1020	2	1	1	1	1	1	1	1	1	1	1	1	1	1	2	1	1	2	1	1
1021	4	1	1	1	1	1	1	1	1	2	1	1	1	1	1	1	1	1	1	1
1022	15	1	1	1	1	1	1	1	2	1	1	1	1	1	1	1	1	1	1	1
1023	15	1	1	1	1	1	2	1	1	1	1	1	1	1	1	1	1	1	1	1
1024	15	1	1	1	1	1	1	1	1	1	1	1	1	1	1	2	1	1	1	1
1025	15	1	2	1	1	1	1	1	1	2	1	1	1	1	1	1	1	2	1	1
1026	15	1	1	1	1	1	2	1	1	2	1	1	1	1	1	1	1	1	1	1
1027	13	1	2	1	1	1	1	1	1	1	1	1	1	1	1	1	1	1	1	1
1028	13	1	1	1	1	1	2	1	1	1	1	1	1	1	1	2	1	1	1	1
1029	13	1	1	1	1	1	2	1	1	1	1	1	1	1	1	1	1	1	1	1
1030	11	1	1	1	1	1	2	1	1	1	1	1	1	1	1	1	1	1	1	1
1031	12	1	1	2	1	2	1	1	1	1	1	1	1	1	1	1	1	1	1	1
1032	12	1	1	1	1	2	2	1	1	1	1	1	1	1	1	1	1	1	1	1
1033	14	1	1	2	1	2	1	1	1	1	1	1	1	1	1	1	1	1	1	1
1034	14	1	2	2	1	1	1	1	1	1	1	1	1	1	1	1	1	1	1	1
1035	11	1	1	1	1	1	2	1	1	1	1	1	1	1	1	1	1	1	1	1
1036	9	1	1	1	1	1	2	1	1	1	2	1	1	1	1	1	1	1	1	1
1037	6	1	1	1	1	1	2	1	1	1	1	1	1	2	1	2	1	1	1	1
1038	15	1	1	1	1	1	1	1	1	1	1	1	1	1	1	1	1	2	1	1
1039	15	1	1	1	1	1	1	1	1	2	1	1	1	1	1	1	1	1	1	1
1040	14	1	1	1	1	1	2	1	1	1	1	1	1	1	1	2	1	1	1	1
1041	13	1	1	1	1	1	2	1	1	1	1	1	1	1	1	2	1	1	1	1
1042	13	1	1	1	1	1	1	1	1	1	1	1	1	1	2	1	1	2	1	1
1043	13	1	1	1	1	1	2	1	1	1	1	1	1	1	1	1	1	1	1	1
1044	12	1	1	1	1	1	2	1	1	2	1	1	1	1	1	1	1	1	1	1
1045	11	1	1	1	1	1	1	1	1	2	1	1	1	1	1	1	1	1	1	1
1046	11	1	1	1	1	1	1	1	1	1	1	1	1	1	1	1	1	2	1	1
1047	14	1	1	1	1	1	2	1	1	1	1	1	1	1	1	1	1	1	1	1
1048	14	1	1	1	1	1	2	1	1	1	1	1	1	1	1	2	1	1	1	1
1049	14	1	1	1	1	1	2	1	1	1	1	1	1	1	1	1	1	1	1	1
1050	2	1	1	1	1	1	1	1	1	2	1	1	1	1	1	2	1	1	1	1
1051	14	1	1	1	1	1	2	1	1	1	1	1	1	1	1	1	1	1	1	1
1052	13	1	1	1	1	1	2	1	1	1	1	1	2	1	1	1	1	1	1	1
1053	13	1	1	1	1	1	1	1	1	2	1	1	1	1	1	1	1	1	1	1
1054	14	1	1	1	1	1	2	1	1	1	1	1	1	1	1	1	1	1	1	1
1055	12	1	1	1	1	1	1	1	1	2	1	1	1	1	1	1	1	1	1	1
1056	10	1	1	1	1	1	1	1	1	1	1	1	2	1	1	1	1	1	1	1
1057	14	1	1	1	1	1	2	1	1	1	1	1	1	1	1	1	1	1	1	1
1058	12	1	1	2	1	1	1	1	1	2	1	1	1	1	1	1	1	1	1	1
1059	14	1	1	1	1	1	2	1	1	1	1	1	1	1	1	1	1	1	1	1
1060	14	1	1	2	1	2	1	1	1	1	1	1	1	1	1	1	1	1	1	1
1061	14	1	1	1	1	1	2	1	1	2	1	1	1	1	1	1	1	1	1	1
1062	16	1	1	1	1	1	1	1	1	2	1	1	1	1	1	1	1	1	1	1
1063	13	1	1	1	1	2	1	1	1	2	1	1	1	1	1	1	1	1	1	1
1064	2	1	1	1	1	1	1	2	1	1	1	2	1	1	1	1	1	1	1	1
1065	6	1	1	1	1	1	1	1	2	1	1	1	1	1	1	1	1	1	2	1
1066	13	1	1	1	2	2	1	1	1	1	1	1	1	1	1	1	1	1	1	1
1067	14	1	1	1	1	1	2	1	1	1	1	1	1	1	1	1	1	1	1	1
1068	14	1	1	1	1	1	1	1	1	2	1	1	1	1	1	1	1	1	1	1
1069	12	1	1	1	1	1	1	2	1	2	1	1	1	1	1	1	1	2	1	1
1070	13	1	1	1	1	1	2	1	1	1	1	1	1	1	1	1	1	1	1	1
1071	13	1	1	1	1	1	2	1	1	1	1	1	1	1	1	1	1	1	1	1
1072	13	1	1	1	1	1	2	1	1	1	1	1	1	1	1	2	1	1	1	1
1073	12	1	1	1	1	1	1	1	1	1	1	1	1	1	1	1	1	2	1	1
1074	12	1	1	1	1	1	2	1	1	2	1	1	1	1	1	1	1	1	1	1
1075	12	1	1	1	1	1	1	1	1	2	1	1	1	1	1	1	1	1	1	1
1076	12	1	2	2	2	2	1	1	1	1	2	1	1	1	1	1	1	1	1	1
1077	12	1	1	1	1	1	1	1	1	1	1	1	1	1	1	1	1	2	1	1
1078	7	1	1	1	2	2	1	1	1	1	1	1	1	1	1	1	1	1	1	1
1079	14	1	1	1	1	1	2	1	1	1	1	1	1	2	1	1	1	1	1	1
1080	14	1	1	1	1	1	2	1	1	1	1	1	1	1	1	1	1	1	1	1
1081	14	1	1	1	1	1	1	2	1	1	1	1	1	1	1	1	1	1	1	1
1082	15	1	1	1	1	1	1	1	1	2	1	1	1	1	1	1	1	1	1	1
1083	15	1	1	1	1	1	1	2	1	1	1	1	1	1	1	1	1	2	1	1
1084	14	1	1	1	1	1	1	1	2	1	1	1	1	1	1	1	1	1	1	1
1085	14	1	1	1	1	1	1	1	1	2	1	1	1	1	1	2	1	1	1	1
1086	14	1	1	1	1	1	1	1	1	2	1	1	1	1	1	1	1	1	1	1
1087	14	1	2	1	1	1	1	1	1	1	1	1	1	1	1	1	1	1	1	1
1088	15	1	2	1	1	1	1	1	1	1	1	1	1	1	1	1	1	1	1	1
1089	15	1	2	1	1	1	1	1	1	1	1	1	1	1	1	2	1	2	1	1
1090	11	1	1	1	1	1	1	1	1	1	1	1	1	1	1	1	1	2	1	1
1091	5	1	1	2	2	2	1	1	1	1	1	1	1	2	1	1	1	1	1	1
1092	14	1	1	1	1	1	2	1	1	1	1	1	1	1	1	1	1	1	1	1
1093	14	1	1	1	1	1	2	1	1	1	1	1	1	1	1	1	1	1	1	1
1094	14	1	1	1	1	1	2	1	1	1	1	1	1	1	1	1	1	1	1	1
1095	14	1	1	1	1	1	2	1	1	1	1	1	1	1	1	1	1	1	1	1
1096	15	1	1	1	1	1	1	1	1	1	1	1	1	1	1	2	1	1	1	1
1097	14	1	1	1	1	1	1	1	1	2	1	1	1	1	1	1	1	1	1	1
1098	14	1	1	1	1	1	2	1	1	1	1	1	1	1	1	1	1	1	1	1
1099	12	1	1	1	1	1	1	1	1	2	1	1	1	1	1	1	1	1	1	1
1100	12	1	1	1	1	1	2	1	1	2	1	1	1	1	1	2	1	1	1	1
1101	11	1	1	1	1	1	1	1	1	2	1	1	1	1	2	1	1	1	1	1
1102	14	1	1	1	1	1	2	1	1	1	1	1	1	1	1	2	1	1	1	1
1103	8	1	1	1	1	1	2	1	1	2	1	1	1	1	1	1	1	1	1	1
1104	10	1	1	1	1	1	2	2	1	2	1	1	1	1	1	1	1	1	1	1
1105	16	1	2	2	1	1	1	1	1	1	1	1	1	1	1	1	1	2	1	1
1106	16	1	1	1	1	1	1	2	1	2	1	1	1	1	1	1	1	1	1	1
1107	13	1	1	1	1	1	1	1	1	2	1	1	1	1	1	1	1	1	1	1
1108	13	1	1	1	1	1	1	1	1	2	1	1	1	1	1	1	1	1	1	1
1109	12	1	1	1	1	1	1	1	1	2	1	1	1	1	1	1	1	2	1	1
1110	13	1	2	1	1	1	2	1	1	1	1	1	1	2	1	1	2	1	1	1
1111	14	1	1	1	1	1	1	1	1	2	1	1	1	1	1	1	1	1	1	1
1112	12	1	1	1	1	1	1	1	1	2	1	1	1	1	1	1	1	1	1	1
1113	12	1	1	1	1	1	1	1	1	2	1	1	1	1	1	1	1	1	1	1
1114	14	1	1	1	1	1	2	1	1	1	1	1	1	1	1	1	1	1	1	1
1115	14	1	1	1	1	1	2	1	1	2	1	1	1	1	1	2	1	1	1	1
1116	2	1	1	2	1	1	1	1	1	1	1	1	1	1	1	1	1	1	1	1
1117	14	1	1	1	1	1	1	1	1	2	1	1	1	1	1	1	1	1	1	1
1118	5	1	1	1	1	1	2	1	1	1	1	1	1	1	1	1	1	1	1	1
1119	7	1	1	1	1	1	1	1	1	2	1	1	1	1	1	2	1	1	1	1
1120	14	1	1	1	1	1	2	1	1	1	1	1	1	1	1	1	1	1	1	1
1121	14	1	1	1	1	1	1	1	1	2	1	1	1	2	1	1	1	1	1	1
1122	1	1	1	1	1	1	1	2	1	2	1	1	1	1	1	1	1	1	1	1
1123	3	1	1	1	1	1	1	1	1	2	1	1	1	1	1	1	1	1	1	1
1124	1	1	1	1	1	1	1	1	1	1	1	1	1	1	1	2	1	1	2	1
1125	4	1	1	1	1	1	1	1	1	1	1	1	1	1	1	1	1	2	1	1
1126	3	1	1	2	1	1	1	1	1	2	1	1	1	1	1	1	1	1	1	1
1127	16	1	1	1	1	1	1	1	1	2	1	1	1	1	1	1	1	1	1	1
1128	14	1	1	1	1	1	1	1	2	1	1	1	1	1	1	1	1	1	1	1
1129	14	1	1	1	1	1	1	1	1	2	1	1	1	1	2	2	1	1	1	1
1130	14	1	1	1	1	1	1	1	2	1	1	1	1	1	1	1	1	1	1	1
1131	13	1	1	1	1	1	1	1	1	1	1	1	1	1	1	1	1	2	1	1
1132	14	1	1	1	1	1	1	1	1	2	1	1	1	1	1	2	1	1	1	1
1133	5	1	1	2	1	2	1	1	1	1	2	1	1	1	1	1	1	1	1	1
1134	14	1	1	1	1	1	1	1	1	2	1	1	1	1	1	1	1	1	1	1
1135	9	1	1	1	1	1	1	1	1	2	1	1	1	2	1	1	1	1	1	1
1136	14	1	1	1	1	1	1	1	1	2	1	1	1	1	1	1	1	1	1	1
1137	14	1	1	1	1	1	1	1	1	2	1	1	1	1	1	2	1	1	1	1
1138	15	1	2	1	1	1	2	2	1	2	1	1	1	1	1	1	1	1	1	1
1139	13	1	2	1	1	1	1	2	1	1	1	1	1	1	1	1	1	2	1	1
1140	12	1	1	1	1	1	2	1	1	1	1	1	1	1	1	1	1	1	1	1
1141	11	1	1	1	1	1	1	1	2	1	1	1	1	1	1	1	1	1	1	1
1142	15	1	1	1	1	1	1	1	2	1	1	1	1	1	1	1	1	1	1	1
1143	15	1	1	1	1	1	1	2	1	1	1	1	1	1	1	1	1	2	1	1
1144	15	1	1	1	1	1	1	1	1	2	1	1	1	1	1	1	1	1	1	1
1145	12	1	1	1	1	1	1	1	1	2	1	1	1	1	1	1	1	1	1	1
1146	11	1	1	1	1	1	1	1	1	2	1	1	1	1	1	1	1	1	1	1
1147	13	1	1	1	1	1	1	1	1	2	1	1	1	1	1	1	1	1	1	1
1148	12	1	1	1	1	1	1	1	1	2	1	1	1	1	1	1	1	1	1	1
1149	5	1	1	1	1	1	1	1	1	2	1	1	1	1	1	1	1	1	1	1
1150	14	1	1	1	1	1	1	1	1	2	1	1	1	1	1	1	1	1	1	1
1151	14	1	1	1	1	1	1	2	1	1	1	1	1	1	1	1	1	1	1	1
1152	15	1	1	1	1	1	1	1	1	1	1	1	1	1	1	2	1	1	2	1
1153	11	1	1	1	1	1	1	1	1	2	1	1	1	2	1	1	1	1	1	1
1154	4	1	1	1	1	1	1	1	1	1	1	1	1	1	1	1	2	1	1	1
1155	14	1	1	1	1	1	2	1	1	1	1	1	1	1	1	2	1	1	1	1
1156	14	1	1	1	1	1	1	2	1	2	1	1	1	1	1	1	1	1	1	1
1157	15	1	1	1	1	1	1	1	1	1	1	1	2	1	1	1	1	1	1	1
1158	14	1	1	1	1	1	1	1	1	2	1	1	1	1	1	1	1	1	1	1
1159	5	1	1	1	1	1	1	1	1	1	1	1	1	1	2	1	2	1	1	1
1160	15	1	1	1	1	1	1	1	1	2	1	1	1	1	1	2	1	1	1	1
1161	14	1	2	1	1	1	1	1	1	2	1	1	1	1	1	1	1	1	1	1
1162	14	1	1	1	1	1	2	1	1	1	1	1	1	1	1	1	1	1	1	1
1163	14	1	1	1	1	1	1	1	1	2	1	1	1	1	1	1	1	1	1	1
1164	15	1	1	1	1	2	1	1	1	1	1	1	1	1	1	1	1	1	1	1
1165	14	1	1	1	1	1	2	1	1	2	1	1	1	1	1	1	1	1	1	1
1166	11	1	1	1	1	1	2	1	1	1	1	1	1	1	1	1	1	1	1	1
1167	12	1	1	1	1	1	2	1	1	1	1	1	1	1	1	1	1	1	1	1
1168	11	1	1	1	1	1	1	1	1	2	1	1	1	1	1	1	1	1	1	1
1169	12	1	1	1	1	1	1	1	1	2	1	1	1	1	1	1	1	1	1	1
1170	12	1	1	1	1	1	2	1	1	2	1	1	1	1	1	1	1	1	1	1
1171	12	1	1	1	1	1	1	1	1	2	1	1	1	1	1	1	1	1	1	1
1172	1	1	1	1	1	1	2	1	1	1	1	1	1	1	1	1	1	1	1	1
1173	15	1	1	1	1	1	1	1	1	2	1	1	1	1	1	2	1	1	1	1
1174	14	1	1	1	1	1	1	1	1	2	1	1	1	1	1	1	1	2	1	1
1175	15	1	1	1	1	1	1	1	1	1	1	1	1	1	1	2	1	1	1	1
1176	15	1	1	1	1	1	1	1	1	2	1	1	1	1	1	1	1	1	2	1
1177	14	1	1	1	1	1	2	1	1	1	1	1	1	1	1	1	1	1	1	1
1178	12	1	1	1	1	1	2	1	1	1	1	1	1	1	1	1	1	1	1	1
1179	13	1	1	1	1	1	2	1	1	1	1	1	1	1	1	1	1	1	1	1
1180	12	1	2	1	1	1	2	1	1	1	1	1	1	1	1	1	1	1	1	1
1181	12	1	2	1	1	1	2	1	1	1	1	1	1	1	1	1	1	1	1	1
1182	12	1	1	1	1	1	2	1	1	1	1	1	1	1	1	1	1	1	1	1
1183	12	1	2	1	1	1	2	1	1	1	1	1	1	1	1	1	1	1	1	1
1184	12	1	1	1	1	1	1	1	2	1	1	1	1	1	1	1	1	1	1	1
1185	12	1	1	1	1	1	2	1	1	1	1	1	1	1	1	1	1	1	2	1
1186	12	1	1	1	1	1	2	1	1	2	1	1	1	1	1	1	1	1	1	1
1187	5	1	1	1	1	1	1	2	1	1	1	1	1	1	1	1	1	1	1	1
1188	8	1	2	1	1	1	2	1	1	1	1	1	1	1	1	1	1	1	1	2
1189	15	1	1	1	1	1	1	1	1	2	1	1	1	1	1	1	1	1	1	1
1190	15	1	1	1	1	1	2	1	1	1	1	1	1	1	1	2	1	1	1	1
1191	16	1	1	1	1	1	1	2	1	2	1	1	1	1	1	1	1	1	1	1
1192	11	1	1	1	1	1	1	1	1	2	1	1	1	1	1	1	1	1	1	1
1193	12	1	1	1	1	1	1	1	1	2	1	1	1	1	1	1	1	1	1	1
1194	12	1	1	1	1	1	1	2	1	2	1	1	1	1	1	1	1	1	1	1
1195	11	1	1	1	1	1	1	1	1	2	1	1	1	1	1	1	1	1	1	1
1196	10	1	1	1	1	1	1	1	1	2	1	1	1	1	1	1	1	1	1	1
1197	14	1	1	1	1	1	2	1	1	2	1	1	1	1	1	1	1	1	1	1
1198	4	1	1	1	1	1	1	2	1	1	1	1	1	1	1	1	1	2	1	1
1199	14	1	1	1	1	1	2	1	1	1	1	1	2	1	1	1	1	1	1	1
1200	3	1	1	1	1	2	1	1	1	2	1	1	1	1	1	1	1	1	1	1
1201	14	1	1	1	1	1	1	1	2	1	1	1	1	1	1	1	1	1	1	1
1202	14	1	1	1	1	1	2	1	1	1	1	1	1	1	1	1	1	1	1	1
1203	1	1	1	1	1	1	2	1	1	1	1	1	1	2	1	2	1	1	1	1
1204	2	1	1	1	1	1	2	1	1	2	1	1	1	1	1	1	1	1	2	1
1205	14	1	1	1	1	1	1	1	1	2	1	1	1	1	1	1	1	1	1	1
1206	11	1	1	1	1	1	2	1	1	1	1	1	1	1	1	1	1	1	1	1
1207	13	1	1	1	1	1	1	1	1	1	1	1	1	1	1	1	1	2	1	1
1208	13	1	1	1	1	1	1	2	1	2	1	1	1	1	1	1	1	2	1	1
1209	12	1	1	1	1	1	2	1	1	1	1	1	1	1	1	1	1	1	1	1
1210	13	1	1	1	1	1	1	1	1	1	1	1	1	1	1	1	2	2	1	1
1211	12	1	1	1	1	1	1	1	1	2	1	1	1	1	1	2	1	1	1	1
1212	11	1	1	1	1	1	1	1	1	2	1	1	1	1	2	2	1	1	1	1
1213	11	1	1	1	1	1	1	2	1	2	1	1	1	1	1	1	1	2	1	1
1214	5	1	1	1	1	1	1	1	1	2	1	1	1	1	1	1	1	1	1	1
1215	14	1	2	1	1	1	1	1	1	1	1	1	1	1	1	1	2	1	1	1
1216	15	1	1	1	1	1	1	1	1	1	1	1	1	1	1	2	1	1	1	1
1217	13	1	1	1	1	1	1	1	1	1	1	1	1	1	1	1	1	2	1	1
1218	13	1	1	1	1	1	2	1	1	1	1	1	1	1	1	1	1	1	1	1
1219	13	1	1	1	2	2	2	1	1	1	1	1	1	1	1	2	1	1	1	1
1220	13	1	1	1	1	1	1	1	1	2	1	1	1	1	1	1	1	1	1	1
1221	12	1	1	1	1	1	1	1	1	2	1	1	1	1	1	1	1	1	1	1
1222	11	1	2	1	1	1	1	1	1	1	1	1	1	1	1	1	1	1	1	1
1223	11	1	1	1	1	1	1	1	1	2	1	1	1	1	1	1	1	1	1	1
1224	12	1	1	1	1	1	1	1	1	2	1	1	1	1	1	1	1	1	1	1
1225	13	1	1	1	1	1	2	1	1	1	1	1	1	1	1	1	1	1	1	1
1226	15	1	1	1	1	1	1	2	1	2	1	1	1	1	1	1	1	1	1	1
1227	13	1	1	1	1	1	1	1	1	2	1	1	1	1	1	1	1	1	1	1
1228	13	1	2	1	1	1	1	1	1	1	1	1	1	1	1	1	1	1	1	1
1229	13	1	1	1	1	1	1	1	1	2	1	1	1	1	1	1	1	2	1	1
1230	12	1	1	1	1	1	2	1	1	1	1	1	1	1	1	1	1	1	1	1
1231	8	1	2	1	1	1	1	1	1	2	1	1	1	1	1	1	1	1	1	1
1232	9	1	1	1	1	1	1	1	2	1	1	1	1	1	1	1	1	1	1	1
1233	14	1	1	1	1	1	1	1	1	2	1	1	1	1	1	1	1	1	1	1
1234	16	1	1	1	1	1	2	1	1	1	1	1	1	1	1	1	1	1	1	1
1235	12	1	1	1	1	1	1	2	1	1	1	1	1	1	1	1	1	1	1	1
1236	15	1	1	1	1	1	1	1	1	2	1	1	1	1	1	1	1	1	1	1
1237	14	1	1	1	1	1	2	1	1	2	1	1	1	1	1	1	1	1	1	1
1238	14	1	1	1	1	1	1	1	1	2	1	1	1	1	1	1	1	1	1	1
1239	13	1	2	2	1	1	1	1	1	1	1	1	1	1	1	2	1	1	1	1
1240	14	1	1	1	2	1	1	1	1	1	1	1	1	1	1	1	2	1	1	1
1241	15	1	1	1	1	1	2	1	1	2	1	1	1	1	1	1	1	1	1	1
1242	9	1	1	1	1	1	2	1	1	1	1	1	1	1	1	1	1	1	1	1
1243	16	1	1	1	1	1	1	1	1	1	1	1	2	1	1	1	1	1	1	1
1244	15	1	2	1	1	1	1	1	1	1	1	1	1	1	1	1	1	1	1	1
1245	15	1	1	1	1	1	1	2	1	1	1	1	1	1	1	1	1	1	1	1
1246	13	1	1	1	1	1	2	1	1	1	1	1	1	1	1	1	1	1	1	1
1247	12	1	1	1	1	1	1	1	1	1	1	1	1	1	1	1	1	1	1	2
1248	12	1	1	1	1	1	1	1	1	1	1	1	1	1	1	1	1	2	1	1
1249	11	1	1	1	1	1	2	1	1	1	1	1	1	1	1	1	1	1	1	1
1250	13	1	2	1	1	1	1	1	1	1	1	1	1	1	1	1	1	1	1	1
1251	15	1	1	1	1	1	2	1	1	1	1	1	1	1	1	1	1	1	1	1
1252	15	1	1	1	1	1	1	1	1	2	1	1	1	1	1	1	1	1	1	1
1253	13	1	1	1	1	1	1	1	1	1	1	1	1	1	1	1	1	2	1	1
1254	15	1	1	1	1	1	2	1	1	1	1	1	1	1	1	1	1	1	1	1
1255	15	1	1	1	1	1	1	1	1	2	1	1	1	1	1	1	1	1	1	1
1256	15	1	1	1	1	1	1	1	1	2	1	1	1	1	1	1	1	1	1	1
1257	15	1	1	1	1	1	1	1	1	2	1	1	1	1	1	1	1	1	1	1
1258	15	1	1	1	1	1	2	1	1	1	1	1	1	1	1	2	1	1	1	1
1259	14	1	1	1	1	1	2	1	1	1	1	1	1	1	1	2	1	1	1	1
1260	13	1	1	1	1	1	1	1	1	2	1	1	1	1	1	1	1	1	1	1
1261	13	1	1	1	1	1	1	1	1	2	1	1	1	1	1	1	1	1	1	1
1262	14	1	1	1	1	1	1	1	1	1	1	1	1	1	1	2	1	1	1	1
1263	14	1	1	1	1	1	1	1	1	2	1	1	1	1	1	1	1	1	1	1
1264	14	1	1	1	1	1	1	1	1	2	1	1	1	1	1	1	1	1	1	1
1265	15	1	1	1	1	1	1	1	1	2	1	1	1	1	1	1	1	1	1	1
1266	5	1	1	1	1	1	1	1	1	2	1	1	1	1	1	1	1	1	1	1
1267	13	1	1	1	1	1	1	1	1	2	1	1	1	1	1	1	1	1	1	1
1268	10	1	1	1	1	1	1	1	1	2	1	1	1	1	1	1	1	1	1	1
1269	3	1	1	1	1	1	2	1	1	1	1	1	1	1	1	2	1	1	1	1
1270	11	1	1	1	1	1	2	1	1	1	1	1	1	1	1	1	1	1	1	1
1271	12	1	1	1	1	1	2	1	1	1	1	1	1	1	1	1	1	1	1	1
1272	12	1	1	1	1	1	2	1	1	2	1	1	1	1	1	1	1	1	1	1
1273	12	1	1	1	1	1	1	1	1	2	1	1	1	1	1	1	1	2	1	1
1274	11	1	1	1	1	1	1	1	1	1	1	1	1	1	1	1	2	2	1	1
1275	12	1	1	1	1	1	1	1	1	1	1	1	1	1	1	1	1	2	1	1
1276	14	1	1	1	1	1	1	1	1	2	1	1	1	1	1	1	1	1	1	1
1277	14	1	2	1	1	1	1	2	1	1	1	1	1	1	1	1	1	1	1	1
1278	15	1	1	1	1	1	1	1	1	2	1	1	1	2	1	1	1	1	1	1
1279	15	1	1	2	1	2	1	1	1	1	1	1	1	1	1	1	1	1	1	1
1280	15	1	1	1	1	1	1	2	1	1	1	1	1	1	1	1	1	1	1	1
1281	14	1	1	1	1	1	1	1	1	2	1	1	1	1	1	1	1	1	1	1
1282	14	1	1	1	1	1	1	1	1	2	1	1	1	1	1	1	1	1	1	1
1283	15	1	1	1	1	1	2	1	1	1	1	1	1	1	1	1	1	1	1	1
1284	14	1	1	1	1	1	1	1	1	2	1	1	1	1	2	1	1	1	1	1
1285	12	1	1	1	1	1	1	1	1	2	1	1	1	1	1	1	1	1	1	1
1286	1	1	1	1	1	1	2	1	1	1	1	1	1	2	1	2	1	1	1	1
1287	14	1	1	1	1	1	2	1	1	1	1	1	1	1	1	1	1	1	1	1
1288	14	1	1	1	1	1	2	1	1	1	1	1	1	1	1	1	1	1	1	1
1289	14	1	1	1	1	1	1	1	1	1	1	1	1	1	1	2	1	1	1	1
1290	12	1	1	1	1	1	1	1	1	2	1	1	1	1	1	2	1	1	1	1
1291	14	1	1	1	1	1	2	1	1	1	1	1	1	1	1	1	1	1	1	1
1292	15	1	1	1	1	2	1	1	1	1	2	1	1	1	1	1	1	1	1	1
1293	16	1	1	2	1	2	1	1	1	1	2	1	1	1	1	1	2	1	1	1
1294	16	1	1	1	1	1	1	1	2	1	1	1	1	1	1	1	1	1	1	1
1295	15	1	1	1	1	1	2	1	1	2	1	1	1	1	1	1	1	1	1	1
1296	14	1	1	1	1	1	2	1	1	2	1	1	1	1	1	1	1	1	1	1
1297	12	1	1	1	1	1	1	1	1	2	1	1	1	1	1	2	1	1	1	1
1298	3	1	1	1	1	1	2	1	1	1	1	1	1	2	1	1	1	1	1	1
1299	2	1	1	1	1	1	1	1	1	2	1	1	1	1	1	2	1	1	1	1
1300	15	1	1	1	1	1	1	1	1	2	1	1	1	1	1	2	1	1	1	1
1301	6	1	1	1	1	1	2	1	1	1	1	1	1	1	1	1	1	1	1	1
1302	15	1	1	1	1	1	2	1	1	1	1	1	1	1	1	1	1	1	1	1
1303	12	1	2	1	1	1	1	1	1	1	1	1	1	1	1	1	1	1	1	1
1304	14	1	2	1	1	1	1	2	1	1	1	1	1	1	1	1	1	1	1	1
1305	13	1	1	1	1	1	2	1	1	1	1	1	1	1	1	1	1	1	1	1
1306	12	1	1	1	1	1	1	1	1	2	1	1	1	1	1	1	1	1	1	1
1307	12	1	1	1	1	1	1	1	2	1	1	1	1	1	1	1	1	1	1	1
1308	12	1	1	1	1	1	2	1	1	2	1	1	1	1	1	1	1	1	1	1
1309	5	1	1	1	1	1	1	1	1	2	1	1	1	1	1	1	1	1	1	1
1310	2	1	1	1	1	1	1	1	1	2	1	1	1	1	1	1	1	1	1	1
1311	14	1	1	1	1	1	2	1	1	2	1	1	1	1	1	1	1	1	1	1
1312	14	1	1	1	1	1	2	1	1	2	1	1	1	1	1	1	1	1	1	1
1313	16	1	1	1	1	1	1	1	1	1	1	2	1	1	2	1	1	2	1	1
1314	12	1	2	2	1	1	1	1	1	1	1	1	1	1	1	1	1	2	1	1
1315	15	1	1	1	1	1	1	1	1	2	1	1	1	1	1	2	1	1	1	1
1316	15	1	1	1	1	1	1	1	1	2	1	1	1	1	1	1	1	1	1	1
1317	14	1	1	1	1	1	1	1	1	2	1	1	1	1	1	1	1	1	1	1
1318	14	1	1	1	1	1	1	1	2	1	1	1	1	1	1	1	1	1	1	1
1319	14	1	1	1	1	1	1	1	1	2	1	1	1	1	1	1	1	1	1	1
1320	14	1	1	1	1	1	1	1	1	2	1	1	1	1	1	1	1	1	1	1
1321	14	1	1	1	1	1	2	1	1	1	1	1	1	1	1	1	1	1	1	1
1322	11	1	1	1	1	1	2	1	1	1	1	1	1	1	1	1	1	1	1	1
1323	12	1	1	1	1	1	1	1	1	2	1	1	1	1	1	1	1	1	1	1
1324	14	1	1	1	1	1	1	1	1	2	1	1	1	1	1	1	1	2	1	1
1325	14	1	1	1	1	1	1	1	1	2	1	1	1	1	1	1	1	1	1	1
1326	14	1	1	1	1	1	1	1	1	2	1	1	1	1	1	1	1	1	1	1
1327	12	1	1	1	1	1	1	1	1	2	1	1	1	1	1	1	1	1	1	1
1328	14	1	1	1	1	1	1	1	1	2	1	1	1	1	1	1	1	1	1	1
1329	14	1	1	1	1	1	1	1	1	2	1	1	1	1	1	1	1	1	1	1
1330	12	1	1	1	1	1	1	1	1	2	1	1	1	1	1	1	1	1	1	1
1331	13	1	1	1	1	1	1	1	2	1	1	1	1	1	1	1	1	1	1	1
1332	11	1	1	1	1	1	1	1	1	2	1	1	1	1	1	1	1	1	1	1
1333	12	1	1	1	1	1	2	1	1	2	1	1	1	1	1	1	1	1	1	1
1334	14	1	1	1	1	1	1	1	1	2	1	1	1	1	1	1	1	1	1	1
1335	14	1	1	1	1	1	1	1	1	2	1	1	1	1	1	1	1	1	1	1
1336	14	1	1	1	1	2	2	1	1	1	2	1	1	1	1	1	1	1	1	1
1337	14	1	1	1	1	1	2	1	1	1	1	1	1	1	1	1	1	1	1	1
1338	14	1	1	1	1	1	1	1	1	2	1	1	1	1	1	1	1	1	1	1
1339	11	1	1	1	1	1	2	1	1	2	1	1	1	1	1	1	1	1	1	1
1340	13	1	1	1	1	1	1	1	1	1	1	1	1	1	1	2	1	1	1	1
1341	10	1	1	1	1	1	1	1	1	2	1	1	1	1	1	1	1	1	1	1
1342	14	1	1	1	1	1	1	1	1	2	1	1	1	1	1	1	1	1	1	1
1343	13	1	1	1	1	1	1	1	1	2	1	1	1	1	1	1	1	1	1	1
1344	11	1	1	1	1	1	1	1	1	2	1	1	1	1	1	1	1	1	1	1
1345	12	1	1	1	1	1	1	1	1	2	1	1	1	1	1	1	1	1	1	1
1346	10	1	1	1	1	1	1	1	1	2	1	1	1	1	1	1	1	1	1	1
1347	3	1	1	1	1	1	1	1	1	2	1	1	1	1	1	1	1	1	1	1
1348	8	1	1	1	1	1	1	1	1	2	1	1	1	1	1	1	1	1	1	1
1349	11	1	1	1	1	1	2	1	1	1	1	1	1	1	1	1	1	1	1	1
1350	2	1	1	1	1	1	1	1	1	2	1	1	1	1	1	1	1	1	1	1
1351	14	1	1	1	1	1	2	1	1	1	1	1	1	1	1	1	1	1	1	1
1352	5	1	1	1	1	1	1	1	1	2	1	1	1	1	1	1	1	1	1	1
1353	12	1	1	1	1	1	1	1	1	1	1	1	1	1	1	2	1	1	1	1
1354	10	1	1	1	1	1	1	1	1	2	1	1	1	1	1	1	1	1	1	1
1355	14	1	1	1	1	1	1	1	1	2	1	1	1	1	1	1	1	1	1	1
1356	14	1	1	1	1	1	2	1	1	1	1	1	1	1	1	1	1	1	1	1
1357	12	1	1	1	1	1	1	1	1	1	1	1	1	1	1	2	1	1	2	1
1358	14	1	2	1	1	1	1	1	1	1	1	1	1	1	1	1	1	1	1	1
1359	14	1	1	1	1	1	1	1	1	2	1	1	1	1	1	1	1	1	1	1
1360	12	1	1	1	1	1	2	1	1	1	1	1	1	1	1	1	1	1	1	1
1361	14	1	1	1	1	1	2	1	1	1	1	1	1	1	1	1	1	1	1	1
1362	14	1	2	1	1	1	1	1	1	1	1	1	1	1	1	1	1	1	1	1
1363	14	1	1	1	1	1	1	1	2	1	1	1	1	1	1	1	1	1	1	1
1364	14	1	2	1	1	1	1	1	1	1	1	1	1	1	1	1	1	1	1	1
1365	11	1	2	1	1	1	1	1	1	2	1	1	1	1	1	1	1	1	1	1
1366	12	1	1	1	1	1	1	1	2	2	1	1	1	1	1	1	1	1	1	1
1367	12	1	1	1	2	1	1	1	1	1	1	1	1	1	1	1	1	1	1	1
1368	12	1	1	1	1	1	1	1	1	2	1	1	1	1	1	1	1	1	1	1
1369	3	1	1	1	1	1	1	1	1	2	1	1	1	1	1	1	1	1	1	1
1370	12	1	1	1	1	1	1	1	1	2	1	1	1	1	1	1	1	2	1	1
1371	12	1	1	1	1	1	2	1	1	1	1	1	2	1	1	1	1	1	1	1
1372	12	1	2	1	1	1	1	1	1	1	1	1	1	1	1	1	1	1	1	1
1373	5	2	1	1	1	1	1	1	1	1	1	1	1	1	1	1	1	1	1	1
1374	6	1	1	1	1	1	2	1	1	1	1	1	1	1	1	1	1	1	1	1
1375	11	1	1	1	1	1	1	1	1	2	1	1	1	1	1	1	1	1	1	1
1376	15	1	1	1	1	1	2	1	1	1	1	1	1	1	1	1	1	1	1	1
1377	15	1	1	1	1	1	2	1	1	1	1	1	1	1	1	2	1	1	1	1
1378	15	1	1	1	1	1	1	1	2	1	1	1	1	1	1	1	1	1	1	1
1379	15	1	1	1	1	1	1	1	1	1	1	1	1	1	1	2	1	1	1	1
1380	15	1	1	1	1	1	1	1	1	2	1	1	1	1	1	1	1	1	1	1
1381	14	1	1	1	1	1	1	1	1	2	1	1	1	1	1	1	1	1	1	1
1382	15	1	1	1	1	1	1	1	1	2	1	1	1	1	1	1	1	1	1	1
1383	15	1	1	2	1	2	1	1	1	1	1	1	1	1	1	1	1	1	1	1
1384	15	1	1	1	1	1	1	1	1	2	1	1	1	1	1	1	1	1	1	1
1385	15	1	1	1	1	1	2	1	1	1	1	1	1	1	1	2	1	1	1	1
1386	15	1	1	1	1	1	1	1	1	1	1	1	1	1	1	1	2	1	1	1
1387	15	1	1	1	1	1	1	1	1	1	1	1	1	1	1	2	1	1	1	1
1388	15	1	1	1	1	1	1	1	1	2	1	1	1	1	1	1	1	1	1	1
1389	15	1	1	1	1	1	1	1	1	2	1	1	1	1	1	1	1	1	1	1
1390	15	1	1	1	1	1	1	2	1	1	1	1	1	1	1	1	1	1	1	1
1391	15	1	1	1	1	1	1	1	1	2	1	1	1	1	1	1	1	1	1	1
1392	15	1	1	1	1	1	1	1	1	2	1	1	1	1	1	1	1	1	1	1
1393	15	1	2	1	1	1	1	1	1	1	1	1	1	1	1	1	1	2	1	1
1394	15	1	1	1	1	1	1	1	1	1	1	1	1	1	1	2	1	1	1	1
1395	16	1	1	1	1	1	1	1	1	2	1	1	1	1	1	1	1	1	1	1
1396	14	1	1	1	1	1	1	1	1	2	1	1	1	1	1	1	1	1	1	1
1397	1	1	1	1	1	1	1	1	1	2	1	1	1	1	1	1	1	1	1	1
1398	14	1	1	1	1	1	1	1	1	2	1	1	1	1	1	1	1	1	1	1
1399	15	1	1	1	1	1	1	1	1	1	1	1	1	1	1	1	1	2	1	1
1400	13	1	1	1	1	1	1	1	1	2	1	1	1	1	1	2	1	1	1	1
1401	11	1	1	1	1	1	1	1	1	2	1	1	1	1	1	1	1	1	1	1
1402	11	1	1	1	1	1	1	1	1	2	1	1	1	1	1	1	1	1	1	1
1403	12	1	1	1	1	1	2	1	1	2	1	1	1	1	1	1	1	1	1	1
1404	7	1	1	1	1	1	2	1	1	1	1	1	1	1	1	1	1	1	1	1
1405	15	1	1	1	1	1	1	1	1	2	1	1	1	1	1	1	1	1	1	1
1406	13	1	1	1	1	1	1	1	1	2	1	1	1	1	1	2	1	1	1	1
1407	12	1	2	1	1	1	1	1	1	1	1	1	1	1	1	1	1	1	1	1
1408	13	1	1	1	1	1	2	1	1	1	1	1	1	1	1	1	1	1	1	1
1409	12	1	1	1	2	2	1	1	1	1	1	1	1	1	1	1	1	1	1	1
1410	11	1	1	1	1	1	1	1	1	2	1	1	1	1	1	1	1	1	1	1
1411	4	1	1	2	1	1	1	1	1	1	1	1	1	1	1	1	2	1	1	1
1412	13	1	1	1	2	2	1	1	1	1	1	1	1	1	1	1	1	1	1	1
1413	12	1	2	1	1	1	1	1	1	1	1	1	1	1	1	1	1	1	1	1
1414	13	1	2	1	1	1	1	1	1	1	1	1	1	1	1	1	1	1	1	1
1415	12	1	2	1	1	2	1	1	1	1	1	1	1	1	1	1	1	1	1	1
1416	12	1	2	1	1	1	1	1	1	1	1	1	1	1	1	1	2	1	1	1
1417	15	1	1	1	1	1	1	1	1	2	1	1	1	1	1	1	1	1	1	1
1418	11	1	1	1	1	1	1	1	1	2	1	1	1	1	1	1	1	1	1	1
1419	12	1	2	1	1	1	1	1	1	1	1	1	1	1	1	1	2	1	1	1
1420	15	1	1	1	1	1	2	1	1	1	1	1	1	1	1	1	1	1	1	1
1421	11	1	1	1	1	1	1	1	1	2	1	1	1	1	1	1	1	1	1	1
1422	11	1	1	1	1	1	1	1	1	1	1	2	1	1	1	1	1	2	1	1
1423	13	1	1	1	1	1	1	1	1	2	1	1	1	1	1	1	1	1	2	1
1424	12	1	1	1	1	1	2	1	1	2	1	1	1	1	1	2	1	1	1	1
1425	12	1	1	1	1	1	2	1	1	2	1	1	1	1	1	1	1	1	1	1
1426	14	1	1	1	1	1	2	1	1	2	1	1	1	1	1	1	1	1	1	1
1427	14	1	1	1	1	1	1	1	1	2	1	1	1	1	1	1	1	1	1	1
1428	15	1	1	1	1	1	2	1	1	1	1	1	1	1	1	1	1	1	1	1
1429	16	1	1	1	1	1	1	1	1	2	1	1	1	1	1	2	1	1	1	1
1430	15	1	1	1	1	1	1	1	1	2	1	1	1	1	1	1	1	1	1	1
1431	15	1	1	1	1	1	1	1	1	1	1	1	1	1	1	1	1	2	1	1
1432	16	1	1	1	1	1	1	1	1	2	1	1	1	1	1	1	1	1	1	1
1433	15	1	2	1	1	1	1	1	1	2	1	1	1	1	1	1	1	1	1	1
1434	16	1	1	1	1	1	1	1	1	1	1	1	1	1	1	2	1	1	1	1
1435	13	1	1	1	1	1	2	1	1	1	1	1	1	1	1	1	1	1	1	1
1436	11	1	1	1	1	1	1	1	1	2	1	1	1	1	1	2	1	1	1	1
1437	12	1	1	1	1	1	2	1	1	1	1	1	1	1	1	1	1	1	1	1
1438	13	1	1	1	1	1	1	1	1	2	1	1	1	1	1	1	1	1	1	1
1439	12	1	1	1	1	1	1	2	1	2	1	1	1	1	1	1	1	1	1	1
1440	12	1	1	1	1	1	1	1	1	2	1	1	1	1	1	1	1	1	1	1
1441	13	1	1	1	1	1	1	1	1	2	1	1	1	1	1	2	1	1	1	1
1442	13	1	1	1	1	1	1	1	1	2	1	1	1	1	1	1	1	1	1	1
1443	12	1	1	1	1	1	1	1	1	2	1	1	1	1	1	1	1	1	1	1
1444	4	1	1	1	1	2	2	1	1	1	1	1	1	1	2	1	1	1	1	1
1445	12	1	1	1	1	1	1	1	1	2	1	1	1	1	1	1	1	1	1	1
1446	13	1	1	1	1	1	2	1	1	1	1	1	1	1	1	1	1	1	1	1
1447	11	1	1	1	1	1	1	1	1	2	1	1	1	1	1	1	1	1	1	1
1448	14	1	1	1	1	1	1	1	1	2	1	1	1	1	1	1	1	1	1	1
1449	14	1	1	1	1	1	1	1	1	2	1	1	1	1	1	1	1	1	1	1
1450	2	1	1	2	1	1	1	1	1	1	1	1	1	1	1	2	1	1	1	1
1451	2	1	1	1	1	1	1	1	1	1	1	1	1	1	1	1	1	2	1	1
1452	2	1	1	1	1	1	2	1	1	1	1	1	1	1	2	1	1	1	1	1
1453	2	1	1	1	1	1	1	2	1	2	1	1	1	1	1	1	1	1	1	1
1454	2	1	1	1	1	1	1	1	1	1	1	1	1	1	1	1	1	1	1	2
1455	2	1	1	1	1	1	1	1	1	1	1	1	1	1	1	1	1	1	1	2
1456	3	1	1	1	1	1	2	1	1	2	1	1	1	1	1	1	1	1	1	1
1457	14	1	1	1	1	1	2	1	1	2	1	1	1	1	1	1	1	1	1	1
1458	1	1	1	1	1	1	2	1	1	1	1	1	1	2	1	2	1	1	1	1
1459	14	1	1	1	1	1	1	1	1	1	1	1	1	2	1	1	1	1	1	1
1460	14	1	1	1	1	1	2	1	1	2	1	1	1	1	1	1	1	1	1	1
1461	1	1	1	1	1	1	2	1	1	1	1	1	1	1	1	1	1	1	1	1
1462	14	1	1	1	1	1	1	2	1	2	1	1	1	1	1	2	1	1	1	1
1463	15	1	1	1	1	1	2	1	1	1	1	1	1	1	1	1	1	1	1	1
1464	13	1	1	1	1	1	1	1	1	2	1	1	1	1	1	1	1	1	1	1
1465	13	1	1	1	1	1	2	1	1	2	1	1	1	1	1	1	1	1	1	1
1466	13	1	1	1	1	1	1	1	1	2	1	1	1	1	1	1	1	1	1	1
1467	11	1	1	1	1	1	1	1	1	2	1	1	1	1	1	1	1	1	1	1
1468	13	1	1	1	1	1	1	1	1	2	1	1	1	1	1	1	1	1	1	1
1469	13	1	1	2	1	2	1	1	1	1	1	1	1	1	1	1	1	1	1	1
1470	13	1	1	1	2	2	1	1	1	1	1	1	1	1	1	1	1	1	1	1
1471	13	1	1	1	1	1	1	1	1	1	1	1	1	1	1	1	1	2	1	1
1472	14	1	1	1	1	1	2	1	1	1	1	1	1	1	1	1	2	1	1	1
1473	1	1	1	1	1	2	1	1	1	2	1	1	1	1	1	1	1	1	1	1
1474	12	1	1	1	1	1	2	1	1	1	1	1	1	1	1	2	1	1	1	1
1475	11	1	1	1	1	1	2	1	1	2	1	1	1	1	1	1	1	1	1	1
1476	2	1	1	1	1	1	1	1	1	1	1	2	1	1	1	1	1	1	1	1
1477	15	1	1	1	1	1	1	1	1	1	1	1	2	1	1	1	1	2	1	1
1478	13	1	2	1	1	1	1	2	1	2	1	1	1	1	1	1	1	1	1	1
1479	13	1	1	1	1	1	2	1	1	1	1	1	1	1	1	1	1	1	1	1
1480	5	1	1	2	1	2	2	1	1	1	1	1	1	1	1	1	1	1	1	1
1481	12	1	1	1	1	1	1	1	1	2	1	1	1	1	1	1	1	1	1	1
1482	14	1	1	1	1	1	1	1	2	1	1	1	1	1	1	1	1	1	1	1
1483	16	1	2	1	1	1	1	1	1	2	1	1	1	1	1	2	1	1	1	1
1484	12	1	2	1	1	1	2	1	1	1	1	1	1	1	1	1	1	1	1	1
1485	12	1	1	1	1	1	1	1	1	2	1	1	1	1	1	2	1	1	2	1
1486	13	1	1	1	1	1	1	1	1	2	1	1	1	1	1	1	1	1	1	1
1487	11	1	1	1	1	1	2	1	1	1	1	1	1	1	1	2	1	1	1	1
1488	11	1	1	1	1	1	1	1	1	2	1	1	1	1	1	1	1	1	1	1
1489	12	1	1	1	1	1	2	1	1	1	1	1	1	1	1	1	1	1	1	1
1490	11	1	1	1	1	1	2	1	1	1	1	1	1	1	1	1	1	1	1	1
1491	13	1	2	1	1	1	1	1	1	2	1	1	1	1	1	1	1	2	1	1
1492	12	1	1	1	1	1	2	1	1	1	1	1	1	1	1	1	1	1	1	1
1493	14	1	1	1	1	1	1	1	1	1	1	1	1	1	1	2	1	1	1	1
1494	14	1	1	1	1	1	2	1	1	1	1	1	1	1	1	1	1	1	1	1
1495	14	1	1	1	1	1	1	1	1	2	1	1	1	1	1	1	1	1	1	1
1496	14	1	1	1	1	1	2	2	1	1	1	1	1	1	1	1	1	1	1	1
1497	14	1	1	1	1	1	1	1	2	1	1	1	1	1	1	1	1	1	1	1
1498	15	1	1	1	1	1	2	1	1	1	1	1	1	1	1	1	1	1	1	1
1499	12	1	1	1	1	1	2	1	1	1	1	1	1	1	1	1	1	1	1	1
1500	14	1	1	1	1	1	2	1	1	1	1	1	1	1	1	1	1	1	1	1
1501	15	1	1	1	1	1	1	1	1	1	1	1	1	1	1	1	1	1	2	1
1502	12	1	1	1	1	1	2	1	1	1	1	1	1	1	1	2	1	1	1	1
1503	13	1	1	2	1	2	1	1	1	1	1	1	1	1	1	1	1	1	1	1
1504	14	1	1	1	1	1	2	1	1	1	1	1	1	1	1	1	1	1	1	1
1505	14	1	1	1	1	1	1	2	1	2	1	1	1	1	1	1	1	1	1	1
1506	14	1	1	1	1	1	1	1	1	2	1	1	1	1	1	1	1	1	1	1
1507	14	1	1	1	1	1	2	1	1	1	1	1	1	1	1	1	1	1	1	1
1508	13	1	1	1	1	1	1	1	1	2	1	1	1	1	1	1	1	2	1	1
1509	12	1	1	1	1	1	2	1	1	1	1	1	1	1	1	1	1	1	1	1
1510	14	1	1	1	1	1	1	2	1	1	1	1	1	1	1	1	1	1	1	1
1511	15	1	1	1	1	1	2	1	1	1	1	1	1	1	1	1	1	1	1	1
1512	14	1	1	1	1	1	1	1	1	2	1	1	1	1	1	1	1	1	1	1
1513	15	1	1	1	1	1	2	1	1	1	1	1	1	1	1	1	1	1	1	1
1514	15	1	1	1	1	1	1	1	1	2	1	1	1	1	1	1	1	1	1	1
1515	13	1	1	2	1	1	1	1	1	1	1	1	1	1	1	2	1	1	1	1
1516	12	1	1	1	1	1	1	1	1	2	1	1	1	1	1	1	1	1	1	1
1517	14	1	1	1	1	1	1	1	1	2	1	1	1	1	1	1	1	1	1	1
1518	13	1	1	1	1	1	1	1	1	2	1	1	1	1	1	1	1	1	1	1
1519	13	1	1	1	1	1	1	2	1	2	1	1	1	1	1	1	1	1	1	1
1520	13	1	1	1	1	1	1	1	1	1	1	1	2	1	1	1	1	1	1	1
1521	11	1	1	1	1	1	2	1	1	1	1	1	1	1	1	2	1	1	1	1
1522	12	1	1	1	1	1	1	1	1	1	1	1	1	1	1	1	1	2	1	1
1523	12	1	2	2	1	1	1	1	1	1	1	1	1	1	1	1	1	1	1	1
1524	14	1	1	1	1	1	1	1	1	2	1	1	1	1	1	1	1	1	1	1
1525	16	1	1	1	1	1	2	1	1	1	1	1	1	1	1	2	1	1	1	1
1526	7	1	1	1	1	1	1	1	1	2	1	1	1	1	1	2	1	2	1	1
1527	16	1	1	1	1	1	2	1	1	1	1	1	1	1	1	1	1	1	1	1
1528	15	1	1	1	1	1	1	1	1	2	1	1	1	1	1	1	1	1	1	1
1529	14	1	1	1	1	1	1	1	1	1	1	1	1	1	1	1	1	1	2	1
1530	13	1	1	1	1	1	1	1	1	2	1	1	1	1	1	1	1	1	1	1
1531	13	1	1	2	1	2	1	1	1	1	1	1	1	1	1	1	1	1	1	1
1532	12	1	1	1	1	1	1	1	1	2	1	1	1	1	1	1	1	1	1	1
1533	11	1	1	1	1	1	1	1	1	2	1	1	1	1	1	1	1	1	1	1
1534	15	1	1	1	1	1	2	2	1	1	1	1	1	1	1	1	1	1	1	1
1535	12	1	1	1	1	1	1	1	1	2	1	1	1	1	1	1	1	1	1	1
1536	14	1	1	1	1	1	1	1	1	2	1	1	1	1	1	1	1	1	1	1
1537	15	1	1	1	1	1	2	1	1	1	1	1	1	1	1	1	1	1	1	1
1538	15	1	1	1	1	1	1	1	1	2	1	1	1	1	1	1	1	1	1	1
1539	11	1	1	1	1	1	1	1	1	2	1	1	1	1	1	1	1	1	1	1
1540	13	1	1	2	1	2	1	1	1	1	1	1	1	1	1	1	1	1	1	1
1541	12	1	1	1	1	1	1	1	1	2	1	1	1	1	1	1	1	1	1	1
1542	1	1	1	1	1	1	1	1	1	2	1	1	1	1	1	1	1	1	1	1
1543	14	1	1	1	1	1	1	1	1	2	1	1	1	1	1	1	1	1	1	1
1544	13	1	1	1	1	1	2	1	1	1	1	1	1	1	1	1	1	1	1	1
1545	13	1	1	1	1	1	1	1	1	2	1	1	1	1	1	2	1	1	1	1
1546	7	1	1	1	1	1	1	1	1	2	1	1	1	1	1	1	1	1	1	1
1547	13	1	1	1	1	1	1	1	2	1	1	1	1	1	1	1	1	1	1	1
1548	13	1	2	1	1	1	1	1	1	1	1	1	1	1	1	1	1	2	1	1
1549	13	1	1	1	1	1	1	1	1	1	1	1	1	1	1	1	1	2	1	1
1550	13	1	1	1	1	1	2	1	1	1	1	1	1	1	1	1	1	1	1	1
1551	12	1	1	1	1	1	1	1	1	2	1	1	1	1	1	1	1	1	1	1
1552	13	1	2	1	1	1	1	1	1	1	1	1	1	1	1	1	1	1	1	1
1553	13	1	1	1	1	1	1	1	1	1	1	1	1	1	2	1	1	2	1	1
1554	12	1	1	1	1	1	1	1	1	2	1	1	1	1	1	1	1	1	1	1
1555	11	1	1	2	1	2	1	1	1	1	1	1	1	1	1	1	1	1	1	1
1556	13	1	2	1	1	1	1	1	1	2	1	1	1	1	1	1	1	2	1	1
1557	14	1	1	1	1	1	2	1	1	2	1	1	1	1	1	1	1	1	1	1
1558	14	1	1	1	1	1	1	1	1	2	1	1	1	1	1	1	1	1	1	1
1559	12	1	2	1	1	1	1	1	1	2	1	1	1	1	1	1	1	2	1	1
1560	6	1	1	1	1	1	1	2	1	1	1	1	1	1	1	1	1	1	1	1
1561	12	1	1	1	1	1	1	1	2	2	1	1	1	1	1	1	1	1	1	1
1562	11	1	1	1	1	1	1	1	2	1	1	1	1	1	1	1	1	1	1	1
1563	12	1	1	1	1	1	1	1	1	1	1	1	1	1	1	2	1	1	1	1
1564	9	1	1	1	1	1	1	1	1	2	1	1	1	1	1	1	1	1	1	1
1565	10	1	1	1	1	1	1	1	1	2	1	1	1	1	1	1	1	1	1	1
1566	2	1	1	1	1	1	1	1	1	2	1	1	1	1	1	1	1	1	1	1
1567	10	1	1	1	1	1	2	1	1	1	1	1	1	1	1	1	1	1	1	1
1568	10	1	1	1	1	1	2	1	1	1	1	1	1	1	1	2	1	1	1	1
1569	7	1	1	1	1	1	2	1	1	2	1	1	1	1	1	1	1	1	1	1
1570	10	1	1	1	1	1	2	1	1	1	1	1	1	1	1	1	1	1	1	1
1571	5	1	1	1	1	1	1	1	1	2	1	1	1	1	1	1	1	1	1	1
1572	6	1	1	1	1	1	1	1	1	2	1	1	1	1	1	1	1	1	1	1
1573	4	1	1	1	1	1	1	1	1	1	1	1	2	1	1	1	1	1	1	1
1574	13	1	1	1	1	1	1	1	1	1	1	1	1	1	1	1	1	1	2	1
1575	8	1	1	1	1	1	1	1	1	2	1	1	1	1	1	1	1	1	1	1
1576	7	1	1	1	1	1	1	1	1	1	2	1	1	1	1	1	1	1	1	1
1577	3	1	1	1	1	1	1	1	1	2	1	1	1	1	1	1	1	1	1	1
1578	4	1	1	1	1	1	1	1	1	2	1	1	1	1	1	1	1	1	1	1
1579	7	1	1	1	1	1	1	1	1	1	1	1	1	1	1	1	1	2	1	1
1580	1	1	1	1	1	1	1	1	1	1	1	1	1	1	1	2	1	1	1	1
1581	3	1	1	1	1	1	1	1	1	1	1	1	1	1	2	1	1	1	1	1
1582	2	1	1	1	1	1	1	1	1	1	1	2	1	1	1	1	1	1	1	1
1583	7	1	1	1	1	1	1	1	1	2	1	1	1	1	1	1	1	1	1	1
1584	2	1	1	1	1	1	1	1	1	2	1	1	1	1	1	1	1	1	1	1
1585	8	1	1	1	1	1	1	1	2	1	1	1	1	1	1	1	1	1	1	1
1586	10	1	2	1	1	1	1	2	1	2	1	1	1	1	1	1	1	1	1	1
1587	3	1	1	1	1	1	1	1	1	1	1	1	1	1	1	1	1	1	1	2
1588	15	1	1	1	1	1	2	1	1	2	1	1	1	1	1	1	1	1	1	1
1589	15	1	1	1	1	1	2	1	1	1	1	1	1	1	1	1	1	1	1	1
1590	15	1	1	1	1	1	1	1	1	2	1	1	1	1	1	1	1	1	1	1
1591	16	1	1	1	1	1	1	1	1	2	1	1	1	1	1	1	1	1	1	1
1592	16	1	1	1	1	1	1	1	1	2	1	1	1	1	1	1	1	1	1	1
1593	14	1	1	1	1	1	2	1	1	1	1	1	1	1	1	1	1	1	1	1
1594	16	1	1	1	1	1	1	1	2	1	1	1	1	1	1	1	1	1	1	1
1595	14	1	2	1	1	1	1	1	1	1	1	1	1	1	1	1	1	2	1	1
1596	13	1	2	1	1	1	1	1	1	1	1	1	1	1	1	1	2	2	1	1
1597	10	1	2	1	1	1	1	1	1	2	1	1	1	1	1	1	1	1	1	1
1598	15	1	1	1	1	1	1	2	1	1	1	1	1	1	1	1	1	2	1	1
1599	14	1	1	1	1	1	1	1	1	2	1	1	1	1	1	1	1	1	1	1
1600	15	1	1	1	1	1	2	1	1	1	1	1	1	1	1	1	1	1	1	1
1601	15	1	1	1	1	1	1	1	1	1	1	1	1	1	1	1	1	2	1	1
1602	16	1	1	1	1	1	1	1	1	2	1	1	1	1	1	1	1	1	1	1
1603	14	1	1	1	1	1	1	1	1	2	1	1	1	1	1	1	1	1	1	1
1604	2	1	1	1	1	1	1	2	1	1	1	2	1	1	1	1	1	2	1	1
1605	15	1	1	1	1	1	2	1	1	1	1	1	1	1	1	1	1	1	1	1
1606	15	1	1	1	1	1	1	2	1	1	1	1	1	1	1	1	1	1	1	1
1607	16	1	1	1	1	1	1	1	1	2	1	1	1	1	1	1	1	1	1	1
1608	15	1	1	2	1	2	1	1	1	2	1	1	1	1	1	1	1	1	1	1
1609	15	1	1	1	1	1	2	1	1	1	1	1	1	1	1	1	1	1	1	1
1610	15	1	2	1	1	1	1	2	1	1	1	1	1	1	1	2	1	1	1	1
1611	15	1	1	1	1	1	2	1	1	1	1	1	1	1	1	1	1	1	1	1
1612	16	1	1	1	1	1	1	1	1	1	1	1	1	1	1	2	1	1	1	1
1613	16	1	2	1	1	1	1	1	1	2	1	1	1	1	1	1	1	1	1	1
1614	3	1	1	1	1	1	2	1	1	2	1	1	1	1	1	1	1	1	1	1
1615	15	1	2	2	1	2	1	1	1	1	2	1	1	1	1	1	1	1	1	1
1616	13	1	1	1	1	1	1	1	1	2	1	1	1	1	1	1	1	1	1	1
1617	15	1	1	1	1	1	1	1	1	1	1	1	1	1	1	2	1	1	1	1
1618	8	1	2	1	1	1	1	2	1	1	1	1	1	1	1	1	1	1	1	1
1619	14	1	1	1	1	1	1	1	1	2	1	1	1	1	1	1	1	1	1	1
1620	15	1	1	1	1	1	2	1	1	1	1	1	1	1	1	1	1	1	1	1
1621	14	1	1	1	1	1	1	1	1	1	1	1	1	1	1	1	1	2	1	1
1622	11	1	1	1	1	1	2	1	1	1	1	1	1	1	1	1	1	1	1	1
1623	14	1	1	1	1	1	1	1	1	2	1	1	1	1	1	1	1	1	1	1
1624	16	1	1	1	1	1	1	1	1	1	1	1	1	1	1	1	1	2	1	1
1625	15	1	1	1	1	1	1	1	1	1	1	1	2	1	1	1	1	2	1	1
1626	14	1	1	1	1	1	2	1	1	2	1	1	1	1	1	1	1	1	1	1
1627	14	1	1	1	1	1	2	1	1	2	1	1	1	1	1	1	1	1	1	1
1628	12	1	1	1	1	1	1	1	1	2	1	1	1	1	1	1	1	1	1	1
1629	13	1	1	1	1	1	1	1	2	1	1	1	1	1	1	1	1	1	1	1
1630	14	1	1	1	1	1	1	1	1	2	1	1	1	1	1	1	1	1	1	1
1631	11	1	1	1	1	1	2	1	1	2	1	1	1	1	1	1	1	1	1	1
1632	14	1	1	1	1	1	1	1	1	1	1	1	1	1	1	1	1	1	2	1
1633	14	1	1	1	1	1	2	1	1	2	1	1	1	1	1	1	1	1	1	1
1634	14	1	1	1	1	1	1	1	1	2	1	1	1	1	1	1	1	1	1	1
1635	7	1	1	1	1	1	1	1	1	2	1	1	1	1	1	1	1	1	1	1
1636	14	1	1	1	1	1	1	1	1	2	1	1	1	1	1	1	1	1	1	1
1637	14	1	1	1	1	1	1	1	1	2	1	1	1	1	1	1	1	1	1	1
1638	14	1	1	1	1	1	1	2	1	2	1	1	1	1	1	1	1	1	1	1
1639	14	1	1	1	1	1	1	1	1	2	1	1	1	1	1	1	1	1	1	1
1640	14	1	1	1	1	1	1	1	1	2	1	1	1	1	1	1	1	1	1	1
1641	14	1	1	1	1	1	1	1	2	1	1	1	1	1	1	1	1	1	1	1
1642	14	1	1	1	1	1	1	1	1	2	1	1	1	1	1	1	1	1	1	1
1643	15	1	1	1	1	1	1	1	1	2	1	1	1	1	1	1	1	1	1	1
1644	15	1	1	1	1	1	2	1	1	1	1	1	1	1	1	1	1	1	1	1
1645	16	1	1	1	1	1	1	1	1	2	1	1	1	1	1	1	1	1	1	1
1646	16	1	2	1	1	1	1	1	1	2	1	1	1	1	1	1	1	1	1	1
1647	16	1	1	1	1	1	2	2	1	2	1	1	1	1	1	1	1	1	1	1
1648	16	1	1	1	1	1	1	1	1	2	1	1	1	1	1	1	1	1	1	1
1649	16	1	1	1	1	1	2	1	2	1	1	1	1	1	1	1	1	1	1	1
1650	16	1	1	1	1	1	1	1	1	2	1	1	1	1	1	1	1	1	1	1
1651	16	1	1	1	1	1	1	1	1	2	1	1	1	1	1	1	1	2	1	1
1652	15	1	1	1	1	1	1	1	1	1	1	1	1	1	1	2	1	1	1	1
1653	14	1	1	1	1	1	1	1	1	2	1	1	1	1	1	1	1	1	1	1
1654	16	1	1	1	1	1	2	1	1	1	1	1	1	1	1	1	1	1	1	1
1655	12	1	1	1	1	1	2	1	1	1	1	1	1	1	1	2	1	1	1	1
1656	16	1	1	1	1	1	2	1	1	1	1	1	1	1	1	2	1	1	1	1
1657	14	1	2	1	1	1	1	1	1	2	1	1	1	1	1	1	1	1	1	1
1658	14	1	1	1	1	1	1	1	1	2	1	1	1	1	1	1	1	1	1	1
1659	14	1	1	1	1	1	2	1	1	1	1	1	1	1	1	1	1	1	1	1
1660	14	1	1	1	1	1	1	1	1	2	1	1	1	1	1	1	1	1	1	1
1661	12	1	1	1	1	1	1	1	1	2	1	1	1	1	1	1	1	1	1	1
1662	15	1	1	1	1	1	1	1	1	2	1	1	1	1	1	2	1	1	1	1
1663	15	1	1	1	1	1	1	1	1	2	1	1	1	1	1	1	1	1	2	1
1664	15	1	1	1	1	1	2	1	1	1	1	1	1	1	1	1	1	1	1	1
1665	15	1	1	1	1	1	1	1	1	2	1	1	1	1	1	1	1	1	1	1
1666	15	1	1	1	1	1	1	1	1	2	1	1	1	1	1	1	1	1	1	1
1667	15	1	1	1	1	1	1	1	1	2	1	1	1	1	1	1	1	1	1	1
1668	15	1	1	1	1	1	2	1	1	1	1	1	1	1	1	1	1	1	1	1
1669	15	1	1	1	1	1	1	2	1	2	1	1	1	1	2	1	1	1	1	1
1670	16	1	1	1	1	1	2	1	1	1	1	1	1	1	1	1	1	2	1	1
1671	16	1	1	1	1	1	1	1	1	2	1	1	1	1	1	1	1	1	1	1
1672	11	1	1	1	1	1	1	1	1	2	1	1	1	1	1	1	1	1	1	1
1673	13	1	2	1	1	1	1	1	1	1	1	1	1	1	1	1	1	2	1	1
1674	4	1	1	1	1	1	1	1	1	2	1	1	1	1	1	1	1	1	1	1
1675	14	1	1	1	1	1	1	1	1	2	1	1	1	1	1	1	1	1	1	1
1676	14	1	1	1	1	1	1	1	1	2	1	1	1	1	1	1	1	1	1	1
1677	14	1	1	1	1	1	1	1	1	2	1	1	1	1	1	1	1	1	1	1
1678	16	1	1	1	1	1	1	1	1	2	1	1	1	1	1	1	1	1	1	1
1679	16	1	1	1	1	1	1	1	1	1	1	1	1	1	1	2	1	2	1	1
1680	16	1	1	1	1	1	1	1	1	2	1	1	1	1	1	2	1	1	1	1
1681	12	1	1	1	1	1	2	1	1	1	1	1	1	1	1	1	1	1	1	1
1682	14	1	1	1	1	1	1	1	1	2	1	1	1	1	1	1	1	1	1	1
